Id,Title,Year,Duration,Rated,IMDb_Rating,Votes,Director,Stars,Genre,Description
1,Best of the Best,1989,1h 37m,All,6.4, (16K),Robert Radler,"Eric Roberts, Phillip Rhee, James Earl Jones",Action,A team from the United States is going to compete against Korea in a Tae Kwon Do tournament. The team consists of fighters from all over the country - can they overcome their rivalry and work together to win?
2,다이 하드,1988,2h 12m,18,8.2, (1M),John McTiernan,"Bruce Willis, Bonnie Bedelia, Reginald VelJohnson",Action,"A New York City cop, John McClane, tries to save his estranged wife and several others taken hostage by terrorists during a Christmas Eve party at the Nakatomi Plaza Skyscraper in Los Angeles, California."
3,레이더스,1981,1h 55m,12,8.4, (1.1M),Steven Spielberg,"Harrison Ford, Karen Allen, Paul Freeman",Action,"In 1936, archaeologist Indiana Jones is tasked by Army Intelligence to help locate a legendary ancient power, the Ark of Covenant, before the Nazis get it first."
4,True Lies,1994,2h 21m,15,7.3, (296K),James Cameron,"Arnold Schwarzenegger, Jamie Lee Curtis, Tom Arnold",Action,"A fearless, globe-trotting, terrorist-battling secret agent has his life turned upside down when he discovers his wife might be having an affair with a used-car salesman while terrorists smuggle nuclear war heads into the United States."
5,The Last Samurai,2003,2h 34m,15,7.8, (496K),Edward Zwick,"Ken Watanabe, Tom Cruise, William Atherton",Action,"In 19th century Japan, Nathan Algren, a US army captain, is hired by the Japanese emperor to train his army in the modern warfare techniques. Captain Algren finds himself trapped in a struggle between two eras and two worlds."
6,Die Hard with a Vengeance,1995,2h 8m,15,7.6, (425K),John McTiernan,"Bruce Willis, Jeremy Irons, Samuel L. Jackson",Action,"John McClane is forced out of suspension to play a game of ""Simon Says"" by a terrorist who has planted bombs all around New York City and will detonate them if McClane doesn't do what he says."
7,They Live,1988,1h 34m,18,7.2, (159K),John Carpenter,"Roddy Piper, Keith David, Meg Foster",Action,They influence our decisions without us knowing it. They numb our senses without us feeling it. They control our lives without us realizing it. They live.
8,라이언 일병 구하기,1998,2h 49m,15,8.6, (1.6M),Steven Spielberg,"Tom Hanks, Tom Sizemore, Edward Burns",Action,"Following the Normandy Landings, a group of U.S. soldiers go behind enemy lines to retrieve a paratrooper whose comrades have been killed in action."
9,Speed,1994,1h 56m,15,7.3, (415K),Jan de Bont,"Keanu Reeves, Dennis Hopper, Sandra Bullock",Action,"An extortionist bomber rigs a Los Angeles city bus to explode if its speed drops below 50 mph, forcing a young cop and a female passenger to keep it moving and save everyone on board."
10,히트,1995,2h 50m,18,8.3, (778K),Michael Mann,"Al Pacino, Robert De Niro, Val Kilmer",Action,A group of high-end professional thieves start to feel the heat from the LAPD when they unknowingly leave a verbal clue at their latest heist.
11,Ronin,1998,2h 2m,15,7.2, (204K),John Frankenheimer,"Robert De Niro, Jean Reno, Natascha McElhone",Action,A freelancing former U.S. intelligence agent tries to track down a mysterious package that's wanted by both the Irish and the Russian governments.
12,Sniper,1993,1h 38m,15,6.1, (27K),Luis Llosa,"Tom Berenger, Billy Zane, J.T. Walsh",Action,A veteran US Marine sniper is partnered with a rookie sniper as his spotter to take out a politician and a rebel leader in the jungles of Panama.
13,The Bourne Ultimatum,2007,1h 55m,12,8.0, (677K),Paul Greengrass,"Matt Damon, Julia Stiles, David Strathairn",Action,Jason Bourne dodges a ruthless C.I.A. official and his Agents from a new assassination program while searching for the origins of his life as a trained killer.
14,터미네이터,1984,1h 47m,18,8.1, (982K),James Cameron,"Arnold Schwarzenegger, Michael Biehn, Linda Hamilton",Action,A cyborg assassin from the future attempts to find and kill a young woman who is destined to give birth to a warrior that will lead a resistance to save humankind from extinction.
15,Taken,2008,1h 30m,19,7.7, (663K),Pierre Morel,"Liam Neeson, Maggie Grace, Leland Orser",Action,"A retired CIA agent travels across Europe and relies on his old skills to save his estranged daughter, who has been kidnapped while on a trip to Paris."
16,Olympus Has Fallen,2013,1h 59m,18,6.5, (303K),Antoine Fuqua,"Gerard Butler, Aaron Eckhart, Finley Jacobsen",Action,Secret Service agent Mike Banning finds himself trapped inside the White House in the wake of a terrorist attack and works with national security to rescue the President from his kidnappers.
17,Out for Justice,1991,1h 31m,18,6.1, (27K),John Flynn,"Steven Seagal, William Forsythe, Jerry Orbach",Action,"With his partner executed in broad daylight by a psychotic mafia enforcer, a veteran Brooklyn officer vows revenge. But is the unstoppable detective prepared to face the truth and pay the price of blood?"
18,폭풍 속으로,1991,2h 2m,15,7.3, (219K),Kathryn Bigelow,"Patrick Swayze, Keanu Reeves, Gary Busey",Action,An F.B.I. Agent goes undercover to catch a gang of surfers who may be bank robbers.
19,Zero Tolerance,1994,1h 28m,R,5.3, (739),Joseph Merhi,"Robert Patrick, Titus Welliver, Mick Fleetwood",Action,"Jeff is an FBI agent sent to pick up Ray Manta, a member of the White Hand drug cartel, from a Mexican jail. Manta escapes, and gets revenge by killing Jeff's family. Kowalski, another member of the White Hand, is sympathetic to Jeff as he hunts down the other members of the Hand one by one, getting vengeance for his family, eventually leading to a battle with Manta."
20,Teomineiteo 2,1991,2h 17m,12,8.6, (1.3M),James Cameron,"Arnold Schwarzenegger, Linda Hamilton, Edward Furlong",Action,"A cyborg, identical to the one who failed to kill Sarah Connor, must now protect her ten year old son John from an even more advanced and powerful cyborg."
21,Aliens,1986,2h 17m,12,8.4, (824K),James Cameron,"Sigourney Weaver, Carrie Henn, Michael Biehn",Action,"Decades after surviving the Nostromo incident, Ellen Ripley is sent out to re-establish contact with a terraforming colony but finds herself battling the Alien Queen and her offspring."
22,Commando,1985,1h 30m,18,6.7, (185K),Mark L. Lester,"Arnold Schwarzenegger, Rae Dawn Chong, Dan Hedaya",Action,"A retired Special Forces colonel tries to save his daughter, who was abducted by his former subordinate."
23,Lawrence of Arabia,1962,3h 47m,12,8.3, (335K),David Lean,"Peter O'Toole, Alec Guinness, Anthony Quinn",Action,"The story of T.E. Lawrence, the English officer who successfully united and led the diverse, often warring, Arab tribes during World War I in order to fight the Turks."
24,Gojira vs. Mekagojira,1993,1h 48m,PG,6.5, (6.5K),Takao Okawara,"Kazuki Ômori, Masahiro Takashima, Ryoko Sano, Megumi Odaka",Action,"The United Nations assembles the ultimate weapon to defeat Godzilla, while scientists discover a fresh pteranodon egg on a remote Japanese island."
25,The 13th Warrior,1999,1h 42m,18,6.6, (137K),John McTiernan,"Antonio Banderas, Diane Venora, Dennis Storhøi",Action,"A man, having fallen in love with the wrong woman, is sent by the sultan himself on a diplomatic mission to a distant land as an ambassador. Stopping at a Viking village port to restock on supplies, he finds himself unwittingly embroiled in a quest to banish a mysterious threat in a distant Viking land."
26,Blade II,2002,1h 57m,18,6.7, (249K),Guillermo del Toro,"Wesley Snipes, Kris Kristofferson, Ron Perlman",Action,"Blade forms an uneasy alliance with the vampire council in order to combat the Reapers, who are feeding on vampires."
27,First Blood,1982,1h 33m,15,7.7, (295K),Ted Kotcheff,"Sylvester Stallone, Richard Crenna, Brian Dennehy",Action,Green Beret veteran Rambo takes on a Pacific Northwest sheriff and the National Guard.
28,Dawn of the Planet of the Apes,2014,2h 10m,12,7.6, (505K),Matt Reeves,"Andy Serkis, Jason Clarke, Gary Oldman",Action,The fragile peace between apes and humans is threatened as mistrust and betrayal threaten to plunge both tribes into a war for dominance over the Earth.
29,Lat sau san taam,1992,2h 8m,15,7.7, (57K),John Woo,"Chow Yun-Fat, Tony Leung Chiu-wai, Teresa Sun-Kwan Mo",Action,A tough-as-nails cop teams up with an undercover agent to shut down a sinister mobster and his crew.
30,The Lord of the Rings: The Two Towers,2002,2h 59m,12,8.8, (1.9M),Peter Jackson,"Bruce Allpress, Sean Astin, John Bach",Action,"While Frodo and Sam edge closer to Mordor with the help of the shifty Gollum, the divided fellowship makes a stand against Sauron's new ally, Saruman, and his hordes of Isengard."
31,Predator,1987,1h 47m,18,7.8, (487K),John McTiernan,"Arnold Schwarzenegger, Carl Weathers, Elpidia Carrillo",Action,A team of commandos on a mission in a Central American jungle find themselves hunted by an extraterrestrial warrior.
32,From Russia with Love,1963,1h 55m,15,7.3, (154K),Terence Young,"Sean Connery, Daniela Bianchi, Pedro Armendáriz",Action,James Bond willingly inserts himself into an assassination plot involving a naive Russian beauty in order to retrieve a Soviet encryption device that was stolen by the evil SPECTRE organization.
33,Kelly's Heroes,1970,2h 24m,GP,7.6, (57K),Brian G. Hutton,"Clint Eastwood, Telly Savalas, Don Rickles",Action,A group of U.S. soldiers sneaks across enemy lines in WWII France to get their hands on a secret stash of Nazi treasure.
34,The Living Daylights,1987,2h 10m,12,6.7, (112K),John Glen,"Timothy Dalton, Maryam d'Abo, Jeroen Krabbé",Action,"James Bond is sent to investigate a KGB policy to kill all enemy spies, and uncovers an arms deal that potentially has major global ramifications."
35,The Wild Geese,1978,2h 14m,18,6.8, (15K),Andrew V. McLaglen,"Richard Burton, Roger Moore, Richard Harris",Action,A British banker hires a former British Army colonel turned mercenary to parachute into Africa with his team and rescue a deposed president of a southern African nation from the hands of a corrupt dictator.
36,황야의 7인,1960,2h 8m,Approved,7.7, (109K),John Sturges,"Yul Brynner, Steve McQueen, Charles Bronson",Action,Seven gunfighters are hired by Mexican peasants to liberate their village from oppressive bandits.
37,GoldenEye,1995,2h 10m,15,7.2, (281K),Martin Campbell,"Pierce Brosnan, Sean Bean, Izabella Scorupco",Action,"When a powerful secret defense system is stolen, James Bond is assigned to stop a Russian crime syndicate from using it."
38,Casino Royale,2006,2h 24m,15,8.0, (729K),Martin Campbell,"Daniel Craig, Eva Green, Mads Mikkelsen",Action,"After earning a licence to kill, secret agent James Bond sets out on his first mission as 007. Bond must defeat a private banker funding terrorists in a high-stakes game of poker at Casino Royale, in Montenegro."
39,Jing wu men,1972,1h 46m,15,7.2, (36K),Wei Lo,"Bruce Lee, Nora Miao, James Tien",Action,"During the Japanese occupation of Shanghai, the star pupil of a recently-deceased martial arts teacher battles a Japanese dojo which seeks the demise of his master's fighting school."
40,Banlieue 13,2004,1h 24m,15,7.1, (76K),Pierre Morel,"Cyril Raffaelli, David Belle, Tony D'Amario",Action,"Captain Damien must team up with Leito, a local insurgent from District 13, to defuse a neutron bomb that has fallen into the hands of a local drug lord, Taha, and rescue Leito's sister Lola."
41,이블 데드 3 - 암흑의 군단,1992,1h 21m,15,7.4, (205K),Sam Raimi,"Bruce Campbell, Embeth Davidtz, Marcus Gilbert",Action,"When Ash Williams is accidentally transported to 1300 A.D., he must retrieve the Necronomicon and battle an army of the dead in order to return home."
42,엣지 오브 투모로우,2014,1h 53m,12,7.9, (788K),Doug Liman,"Tom Cruise, Emily Blunt, Brendan Gleeson",Action,A man fighting in a war against aliens must relive the same day every time he dies until he can find a way to stop their power source with the help of an elite soldier.
43,Three Kings,1999,1h 54m,18,7.1, (186K),David O. Russell,"George Clooney, Mark Wahlberg, Ice Cube",Action,"In the aftermath of the Persian Gulf War, four soldiers set out to steal gold that was stolen from Kuwait, but they discover people who desperately need their help."
44,레옹,1994,1h 50m,18,8.5, (1.3M),Luc Besson,"Jean Reno, Gary Oldman, Natalie Portman",Action,"When her family is murdered by a group of corrupt officers led by the tyrannical Norman Stansfield, a young 12-year-old girl enlists the help of an Italian-American hitman to seek revenge."
45,The Rundown,2003,1h 44m,15,6.6, (147K),Peter Berg,"Dwayne Johnson, Seann William Scott, Rosario Dawson",Action,A tough aspiring chef is hired to bring home a mobster's son from the Amazon but becomes involved in the fight against an oppressive town operator and the search for a legendary treasure.
46,7인의 사무라이,1954,3h 27m,15,8.6, (392K),Akira Kurosawa,"Toshirô Mifune, Takashi Shimura, Keiko Tsushima",Action,"Farmers from a village exploited by bandits hire a veteran samurai for protection, and he gathers six other samurai to join him."
47,서부 개척사,1962,2h 44m,15,7.1, (25K),John Ford,"Henry Hathaway, George Marshall, James Stewart, John Wayne, Gregory Peck",Action,"A family saga covering several decades of Westward expansion in the 19th century, including the Gold Rush, the Civil War, and the building of the railroads."
48,RED 2,2013,1h 56m,15,6.6, (187K),Dean Parisot,"Bruce Willis, John Malkovich, Mary-Louise Parker",Action,Retired CIA agent Frank Moses reunites his unlikely team of elite operatives for a global quest to track down a missing portable nuclear device.
49,맨 온 파이어,2004,2h 26m,15,7.7, (410K),Tony Scott,"Denzel Washington, Dakota Fanning, Radha Mitchell",Action,"In Mexico City, a former CIA operative swears vengeance on those who committed an unspeakable act against the family he was hired to protect."
50,Bad Boys II,2003,2h 27m,18,6.6, (284K),Michael Bay,"Martin Lawrence, Will Smith, Jordi Mollà",Action,Miami narcotics cops Mike Lowrey and Marcus Burnett investigate the flow of Ecstasy into Florida from a Cuban drug cartel.
51,The Bushido Blade,1981,1h 44m,R,5.3, (470),Tsugunobu Kotani,"Richard Boone, Toshirô Mifune, Mike Starr",Action,A steel samurai blade that was to be given to the American ambassador by the Emperor of Japan is stolen. American sailors and Japanese samurai are sent to find it.
52,매트릭스,1999,2h 16m,12,8.7, (2.2M),Lana Wachowski,"Lilly Wachowski, Keanu Reeves, Laurence Fishburne, Carrie-Anne Moss",Action,"When a beautiful stranger leads computer hacker Neo to a forbidding underworld, he discovers the shocking truth--the life he knows is the elaborate deception of an evil cyber-intelligence."
53,The Matrix Reloaded,2003,2h 18m,15,7.2, (660K),Lana Wachowski,"Lilly Wachowski, Ray Anthony, Christine Anu, Andy Arness",Action,"Freedom fighters Neo, Trinity and Morpheus continue to lead the revolt against the Machine Army, unleashing their arsenal of extraordinary skills and weaponry against the systematic forces of repression and exploitation."
54,The Matrix Revolutions,2003,2h 9m,15,6.7, (567K),Lana Wachowski,"Lilly Wachowski, Mary Alice, Tanveer K. Atwal, Helmut Bakaitis",Action,The human city of Zion defends itself against the massive invasion of the machines as Neo fights to end the war at another front while also opposing the rogue Agent Smith.
55,Man of Tai Chi,2013,1h 45m,15,6.0, (42K),Keanu Reeves,"Hu Chen, Keanu Reeves, Karen Mok",Action,A young martial artist's unparalleled Tai Chi skills land him in a highly lucrative underworld fight club.
56,Jing wu ying xiong,1994,1h 43m,15,7.5, (26K),Gordon Chan,"Jet Li, Shinobu Nakayama, Siu-Ho Chin",Action,"In 1937, a Chinese martial artist returns to Shanghai to find his teacher dead and his school harassed by the Japanese."
57,Jui kuen II,1994,1h 42m,12,7.5, (51K),Chia-Liang Liu,"Jackie Chan, Jackie Chan, Lung Ti, Anita Mui",Action,A young martial artist is caught between respecting his pacifist father's wishes or stopping a group of disrespectful foreigners from stealing precious artifacts.
58,Beverly Hills Cop,1984,1h 45m,15,7.4, (228K),Martin Brest,"Eddie Murphy, Judge Reinhold, John Ashton",Action,A freewheeling Detroit cop pursuing a murder investigation finds himself dealing with the very different culture of Beverly Hills.
59,Dou foh sin,2007,1h 28m,18,6.7, (14K),Wilson Yip,"Donnie Yen, Louis Koo, Ray Lui",Action,"A hot-headed inspector takes on a small but powerful Vietnamese-Chinese gang, after a series of crimes and murder attempts committed and putting an undercover cop and his girlfriend in great danger."
60,El Cid,1961,3h 2m,Approved,7.2, (17K),Anthony Mann,"Charlton Heston, Sophia Loren, Raf Vallone",Action,The fabled Spanish hero Rodrigo Diaz de Vivar (a.k.a. El Cid) overcomes a family vendetta and court intrigue to defend Christian Spain against the Moors.
61,Saat po long,2005,1h 33m,18,6.9, (14K),Wilson Yip,"Donnie Yen, Simon Yam, Sammo Kam-Bo Hung",Action,"A near retired inspector and his unit are willing to put down a crime boss at all costs while dealing with his replacement, who is getting in their way. Meanwhile, the crime boss sends his top henchmen to put an end to their dirty schemes."
62,Crimson Tide,1995,1h 56m,15,7.4, (133K),Tony Scott,"Denzel Washington, Gene Hackman, Matt Craven",Action,"On a U.S. nuclear missile sub, a young First Officer stages a mutiny to prevent his trigger-happy Captain from launching his missiles before confirming his orders to do so."
63,King Kong vs. Godzilla,1962,1h 37m,15,5.7, (12K),Ishirô Honda,"Tom Montgomery, Michael Keith, Harry Holcombe, James Yagi",Action,"A UN reporter covers the appearance of a prehistoric monster that emerges from hibernation, while a pharmaceutical company seeks publicity with a monster of their own."
64,Star Trek: First Contact,1996,1h 51m,15,7.6, (136K),Jonathan Frakes,"Patrick Stewart, Jonathan Frakes, Brent Spiner",Action,The Borg travel back in time intent on preventing Earth's first contact with an alien species. Captain Picard and his crew pursue them to ensure that Zefram Cochrane makes his maiden flight reaching warp speed.
65,The French Connection,1971,1h 44m,18,7.7, (148K),William Friedkin,"Gene Hackman, Fernando Rey, Roy Scheider",Action,"A pair of NYPD detectives in the Narcotics Bureau stumble onto a heroin smuggling ring based in Marseilles, but stopping them and capturing their leaders proves an elusive goal."
66,Rambo: First Blood Part II,1985,1h 36m,15,6.5, (193K),George P. Cosmatos,"Sylvester Stallone, Richard Crenna, Charles Napier",Action,Ex-Green Beret goes on a reconnaissance mission to spring MIAs from a Viet Cong prison.
67,Rambo III,1988,1h 42m,R,5.8, (147K),Peter MacDonald,"Sylvester Stallone, Richard Crenna, Marc de Jonge",Action,Loner Rambo leaves a Buddhist monastery to free his Green Beret mentor from Soviets in Afghanistan.
68,Ran,1985,2h 40m,15,8.2, (148K),Akira Kurosawa,"Tatsuya Nakadai, Akira Terao, Jinpachi Nezu",Action,"In Medieval Japan, an elderly warlord retires, handing over his empire to his three sons. However, he vastly underestimates how the new-found power will corrupt them and cause them to turn on each other...and him."
69,Air Force One,1997,2h 4m,15,6.5, (221K),Wolfgang Petersen,"Harrison Ford, Gary Oldman, Glenn Close",Action,"Communist radicals led by Ivan Korshunov hijack Air Force One with US President James Marshall and his family on board. Vice President Kathryn Bennett negotiates from Washington D.C., while Marshall fights to rescue the hostages on board."
70,The Expendables,2010,1h 43m,18,6.4, (376K),Sylvester Stallone,"Sylvester Stallone, Jason Statham, Jet Li",Action,A CIA operative hires a team of mercenaries to eliminate a Latin dictator and a renegade CIA agent.
71,글래디에이터,2000,2h 35m,15,8.5, (1.8M),Ridley Scott,"Russell Crowe, Joaquin Phoenix, Connie Nielsen",Action,A former Roman General sets out to exact vengeance against the corrupt emperor who murdered his family and sent him into slavery.
72,Enemy of the State,1998,2h 12m,15,7.3, (271K),Tony Scott,"Will Smith, Gene Hackman, Jon Voight",Action,A lawyer becomes targeted by a corrupt politician and his N.S.A. goons when he accidentally receives key evidence to a politically motivated crime.
73,Safe,2012,1h 34m,18,6.5, (123K),Boaz Yakin,"Jason Statham, Catherine Chan, Robert John Burke",Action,"Mei, a young girl whose memory holds a priceless numerical code, finds herself pursued by the Triads, the Russian mob, and corrupt NYC cops. Coming to her aid is an ex-cage fighter whose life was destroyed by the gangsters on Mei's trail."
74,The Boondock Saints,1999,1h 48m,18,7.6, (260K),Troy Duffy,"Willem Dafoe, Sean Patrick Flanery, Norman Reedus",Action,Two Irish Catholic brothers become vigilantes in order to try to wipe out Boston's criminal underworld in the name of God.
75,Lethal Weapon,1987,1h 49m,15,7.6, (291K),Richard Donner,"Mel Gibson, Danny Glover, Gary Busey",Action,Two newly paired cops who are complete opposites must put aside their differences in order to catch a gang of drug smugglers.
76,Con Air,1997,1h 55m,15,6.9, (335K),Simon West,"Colm Meaney, Mykelti Williamson, Nick Chinlund",Action,"Former US Army Ranger, Cameron Poe, has just been paroled for manslaughter, but must stop a group of violent and deadly criminals from escaping the country after they seize control of the prison transport plane he is on."
77,Faster,2010,1h 38m,15,6.4, (116K),George Tillman Jr.,"Dwayne Johnson, Mauricio Lopez, Jim Gaines",Action,An ex-con gets on a series of apparently unrelated killings. He gets tracked by a veteran cop with secrets of his own and an egocentric hit man.
78,Mr.,2005,2h,15,6.5, (579K),Doug Liman,"Brad Pitt, Angelina Jolie, Vince Vaughn",Action,"A husband and wife struggle to keep their marriage alive until they realize they are both secretly working as assassins. Now, their respective assignments require them to kill each other."
79,Salt,2010,1h 40m,15,6.5, (340K),Phillip Noyce,"Angelina Jolie, Liev Schreiber, Chiwetel Ejiofor",Action,A CIA agent goes on the run after a defector accuses her of being a Russian spy.
80,Tears of the Sun,2003,2h 1m,12,6.6, (136K),Antoine Fuqua,"Bruce Willis, Monica Bellucci, Cole Hauser",Action,A Special-Ops commander leads his team into the Nigerian jungle in order to rescue a doctor who will only join them if they agree to save 70 refugees too.
81,Double Target,2007,2h 4m,18,7.1, (371K),Antoine Fuqua,"Mark Wahlberg, Michael Peña, Danny Glover",Action,"An expert marksman living in exile, is coaxed back into action after learning of a plot to kill the president. Now on the run after being double crossed for the assassination attempt he was trying to prevent, he sets out for the real killer, and the truth."
82,Hard Target,1993,1h 37m,18,6.2, (60K),John Woo,"Chuck Pfarrer, Robert Apisa, Arnold Vosloo",Action,"A woman hires a drifter as her guide through New Orleans in search of her missing father. In the process, they discover a deadly game of cat and mouse behind his disappearance."
83,Ninja: Shadow of a Tear,2013,1h 35m,18,6.1, (14K),Isaac Florentine,"Scott Adkins, Kane Kosugi, Mika Hijii",Action,Ninjitsu master Casey is back and out for revenge when his pregnant wife is murdered.
84,The Green Berets,1968,2h 22m,G,5.6, (15K),Ray Kellogg,"John Wayne, Mervyn LeRoy, John Wayne, David Janssen, Jim Hutton",Action,Col. Mike Kirby picks two teams of crack Green Berets for a mission in South Vietnam. First off is to build and control a camp that is trying to be taken by the enemy. The second mission is to kidnap a North Vietnamese General.
85,저지 드레드,2012,1h 35m,18,7.1, (308K),Pete Travis,"Karl Urban, Rachel Wood, Andile Mngadi",Action,"In a violent, futuristic metropolis, a law enforcement and his rookie trainee become caught up in a high-stakes drug war."
86,Starship Troopers,1997,2h 9m,18,7.3, (340K),Paul Verhoeven,"Casper Van Dien, Dina Meyer, Denise Richards",Action,"Humans, in a fascist militaristic future, wage war with giant alien bugs."
87,Clear and Present Danger,1994,2h 21m,15,6.9, (114K),Phillip Noyce,"Harrison Ford, Willem Dafoe, Anne Archer",Action,CIA Analyst Jack Ryan is drawn into an illegal war fought by the US government against a Colombian drug cartel.
88,Red Heat,1988,1h 44m,12,6.1, (80K),Walter Hill,"Arnold Schwarzenegger, Jim Belushi, Peter Boyle",Action,A tough Russian policeman is forced to partner up with a cocky Chicago police detective when he is sent to Chicago to apprehend a Georgian drug lord who killed his partner and fled the country.
89,Demolition Man,1993,1h 55m,15,6.7, (206K),Marco Brambilla,"Sylvester Stallone, Wesley Snipes, Sandra Bullock",Action,A police officer is brought out of suspended animation in prison to pursue an old ultra-violent nemesis who is loose in a non-violent future society.
90,Streets of Fire,1984,1h 33m,18,6.7, (27K),Walter Hill,"Michael Paré, Diane Lane, Rick Moranis",Action,"A mercenary is hired to rescue his ex-girlfriend, a singer who has been kidnapped by a motorcycle gang."
91,Death Wish 3,1985,1h 30m,R,5.8, (19K),Michael Winner,"Charles Bronson, Deborah Raffin, Ed Lauter",Action,Architect/vigilante Paul Kersey arrives back in New York City and is forcibly recruited by a crooked police chief to fight street crime caused by a large gang terrorizing the neighborhoods.
92,Total Recall,1990,1h 53m,18,7.5, (375K),Paul Verhoeven,"Arnold Schwarzenegger, Rachel Ticotin, Sharon Stone",Action,"When a man goes in to have virtual vacation memories of the planet Mars implanted in his mind, an unexpected and harrowing series of events forces him to go to the planet for real - or is he?"
93,Eraser,1996,1h 55m,15,6.2, (123K),Chuck Russell,"Arnold Schwarzenegger, James Caan, Vanessa Williams",Action,A Witness Protection specialist becomes suspicious of his co-workers when dealing with a case involving high-tech weapons.
94,Minority Report,2002,2h 25m,15,7.6, (611K),Steven Spielberg,"Tom Cruise, Max von Sydow, Steve Harris",Action,"John works with the PreCrime police which stop crimes before they take place, with the help of three 'PreCogs' who can foresee crimes. Events ensue when John finds himself framed for a future murder."
95,블레이드,1998,2h,18,7.1, (324K),Stephen Norrington,"Wesley Snipes, Stephen Dorff, Kris Kristofferson",Action,"A half-vampire, half-mortal man becomes a protector of the mortal race, while slaying evil vampires."
96,Executive Decision,1996,2h 13m,15,6.5, (64K),Stuart Baird,"Kurt Russell, Steven Seagal, Halle Berry",Action,"When terrorists seize control of an airliner, an intelligence analyst accompanies a commando unit for a midair boarding operation."
97,Desperado,1995,1h 44m,18,7.1, (206K),Robert Rodriguez,"Antonio Banderas, Salma Hayek, Joaquim de Almeida",Action,Former musician and gunslinger El Mariachi arrives at a small Mexican border town after being away for a long time. His past quickly catches up with him and he soon gets entangled with the local drug kingpin Bucho and his gang.
98,The Fugitive,1993,2h 10m,15,7.8, (339K),Andrew Davis,"Harrison Ford, Tommy Lee Jones, Sela Ward",Action,"Dr. Richard Kimble, unjustly accused of murdering his wife, must find the real killer while being the target of a nationwide manhunt led by a seasoned U.S. Marshal."
99,Wong Fei Hung,1991,2h 14m,15,7.2, (21K),Hark Tsui,"Jet Li, Biao Yuen, Rosamund Kwan",Action,"Legendary martial arts hero Wong Fei-Hung fights against foreign forces' plundering of China. When Aunt Yee arrives back from America, Wong Fei-Hung assumes the role of her protector."
100,인디아나 존스 - 마궁의 사원,1984,1h 58m,12,7.5, (560K),Steven Spielberg,"Harrison Ford, Kate Capshaw, Ke Huy Quan",Action,"In 1935, Indiana Jones is tasked by Indian villagers with reclaiming a sacred stone stolen from them by a secret cult."
101,Indiana Jones and the Last Crusade,1989,2h 7m,15,8.2, (850K),Steven Spielberg,"Harrison Ford, Sean Connery, Denholm Elliott",Action,"In 1938, after his father goes missing while pursuing the Holy Grail, Indiana Jones finds himself up against the Nazis again to stop them from obtaining its powers."
102,Lo foo chut gang,1988,1h 33m,18,6.9, (2.3K),Chia-Liang Liu,"Chow Yun-Fat, Nina Li Chi, Conan Lee",Action,A seasoned cop and his rookie partner are a pair of mismatched partners in this Hong Kong action-comedy in the style of 'Lethal Weapon'. The wacky twosome are up in arms as they try to solve the murder of a heroin trafficker.
103,Ben-Hur,1959,3h 32m,All,8.1, (267K),William Wyler,"Charlton Heston, Jack Hawkins, Haya Harareet",Action,"A Jewish prince is betrayed and sent into slavery by a Roman friend in 1st-century Jerusalem, but it's not long before he regains his freedom and comes back for revenge."
104,From Dusk Till Dawn,1996,1h 48m,18,7.2, (362K),Robert Rodriguez,"George Clooney, Quentin Tarantino, Harvey Keitel",Action,"Two criminals and their hostages unknowingly seek temporary refuge in a truck stop populated by vampires, with chaotic results."
105,Tomorrow Never Dies,1997,1h 59m,15,6.5, (212K),Roger Spottiswoode,"Pierce Brosnan, Jonathan Pryce, Michelle Yeoh",Action,James Bond sets out to stop a media mogul's plan to induce a war between China and the United Kingdom.
106,The Bourne Identity,2002,1h 59m,12,7.8, (603K),Doug Liman,"Matt Damon, Franka Potente, Chris Cooper",Action,"A man is picked up by a fishing boat, bullet-riddled and suffering from amnesia, before racing to elude assassins and attempting to regain his memory."
107,You Only Live Twice,1967,1h 57m,15,6.8, (124K),Lewis Gilbert,"Sean Connery, Akiko Wakabayashi, Mie Hama",Action,"James Bond and the Japanese Secret Service must find and stop the true culprit of a series of space hijackings, before war is provoked between Russia and the United States."
108,Dr. No,1962,1h 50m,15,7.2, (189K),Terence Young,"Sean Connery, Ursula Andress, Joseph Wiseman",Action,A resourceful British government agent seeks answers in a case involving the disappearance of a colleague and the disruption of the American space program.
109,Fei lung mang jeung,1988,1h 33m,12,7.1, (10K),Sammo Kam-Bo Hung,"Corey Yuen, Jackie Chan, Sammo Kam-Bo Hung, Biao Yuen",Action,Three successful Hong Kong lawyers are hired by a chemical company of questionable ethics and must eventually make a difficult decision when their employer's motives become clear.
110,Chung fung dui: No foh gai tau,1996,1h 31m,,6.7, (1.1K),Benny Chan,"Ching-Wan Lau, Jordan Chan, Tat-Ming Cheung",Action,"After assaulting his tactical commander during a raid gone sour, a dedicated but temperamental cop Sergeant Bill Chu is demoted to the Emergency Unit, long considered to be the police force's dumping ground for problem cops."
111,Assault on Precinct 13,1976,1h 31m,R,7.3, (60K),John Carpenter,"Austin Stoker, Darwin Joston, Laurie Zimmer",Action,"A highway patrol officer, two criminals, and a station secretary defend a defunct Los Angeles precinct office against a siege by a bloodthirsty street gang."
112,Wong Fei Hung II: Nam yee tung chi keung,1992,1h 53m,15,7.3, (11K),Hark Tsui,"Jet Li, Rosamund Kwan, Mok Siu-Chung",Action,"Arriving by train in Guangzhou, 1895, the trio fight off White Lotus followers, who want to kill all foreigners and the cute, European dressed 13th Aunt. It's not kung fu master Dr. Wong's (Jet Li) last fight."
113,Platoon,1986,2h,15,8.1, (463K),Oliver Stone,"Keith David, Forest Whitaker, Francesco Quinn",Action,"Chris Taylor, a neophyte recruit in Vietnam, finds himself caught in a battle of wills between two sergeants, one good and the other evil. A shrewd examination of the brutality of war and the duality of man in conflict."
114,지옥의 묵시록,1979,2h 27m,(Banned),8.4, (754K),Francis Ford Coppola,"Marlon Brando, Martin Sheen, Robert Duvall",Action,A U.S. Army officer serving in Vietnam is tasked with assassinating a renegade Special Forces Colonel who sees himself as a god.
115,Star Trek II: The Wrath of Khan,1982,1h 53m,12,7.7, (134K),Nicholas Meyer,"William Shatner, Leonard Nimoy, DeForest Kelley",Action,"With the assistance of the Enterprise crew, Admiral Kirk must stop an old nemesis, Khan Noonien Singh, from using the life-generating Genesis Device as the ultimate weapon."
116,The Guns of Navarone,1961,2h 38m,12,7.5, (59K),J. Lee Thompson,"Gregory Peck, David Niven, Anthony Quinn",Action,"A team of Allied saboteurs is assigned an impossible mission: infiltrate an impregnable Nazi-held Greek island and destroy the two enormous long-range field guns that prevent the rescue of 2,000 trapped British soldiers."
117,Glory,1989,2h 2m,15,7.8, (151K),Edward Zwick,"Matthew Broderick, Denzel Washington, Cary Elwes",Action,"Robert Gould Shaw leads the U.S. Civil War's first all-black volunteer company, fighting prejudices from both his own Union Army, and the Confederates."
118,Blood Diamond,2006,2h 23m,18,8.0, (616K),Edward Zwick,"Leonardo DiCaprio, Djimon Hounsou, Jennifer Connelly",Action,"A fisherman, a smuggler, and a syndicate of businessmen match wits over the possession of a priceless diamond."
119,캐리비안의 해적: 블랙펄의 저주,2003,2h 23m,12,8.1, (1.3M),Gore Verbinski,"Johnny Depp, Geoffrey Rush, Orlando Bloom",Action,"Blacksmith Will Turner teams up with eccentric pirate ""Captain"" Jack Sparrow to save Elizabeth Swann, the governor's daughter and his love, from Jack's former pirate allies, who are now undead."
120,Showdown in Little Tokyo,1991,1h 19m,18,6.1, (22K),Mark L. Lester,"Dolph Lundgren, Brandon Lee, Cary-Hiroyuki Tagawa",Action,"Two L.A. cops with opposing views on what is the best way to uphold the law have to work together to bring down the Yakuza, while trying to protect a beautiful woman."
121,Tombstone,1993,2h 10m,12,7.8, (186K),George P. Cosmatos,"Kurt Russell, Val Kilmer, Sam Elliott",Action,"A successful lawman's plans to retire anonymously in Tombstone, Arizona, are disrupted by the kind of outlaws he was famous for eliminating."
122,Road House,1989,1h 54m,18,6.7, (109K),Rowdy Herrington,"Patrick Swayze, Kelly Lynch, Sam Elliott",Action,A legendary bouncer comes to restore order at a notorious bar but runs afoul of a ruthless crime boss who controls the town.
123,스카페이스,1983,2h 50m,18,8.3, (989K),Brian De Palma,"Al Pacino, Steven Bauer, Michelle Pfeiffer",Action,"In the 1980s, a determined criminal-minded Cuban immigrant becomes the biggest drug smuggler in Miami, and is eventually undone by his own drug addiction."
124,The Vikings,1958,1h 56m,Approved,7.0, (17K),Richard Fleischer,"Kirk Douglas, Tony Curtis, Ernest Borgnine",Action,A slave and a Viking prince fight for the love of a captive princess.
125,The Replacement Killers,1998,1h 27m,18,6.1, (32K),Antoine Fuqua,"Chow Yun-Fat, Mira Sorvino, Michael Rooker",Action,"A troubled hitman seeks aid from a forger to help him get papers to China. However, the drug lord has hired replacements to finish the job, and kill the hitman."
126,Three the Hard Way,1974,1h 37m,R,6.2, (2K),Gordon Parks Jr.,"Jim Brown, Fred Williamson, Jim Kelly",Action,Blaxploitation film about three martial-arts specialists who prevent white supremacists from tainting the U.S. water supply with a toxin that's only harmful to black people.
127,The Siege of Firebase Gloria,1988,1h 39m,15,6.8, (3.7K),Brian Trenchard-Smith,"Wings Hauser, R. Lee Ermey, Robert Arevalo",Action,"A tough U.S. sergeant and his sidekick roll into a demoralized firebase, where they attempt to rebuild morale and fortifications amid a climactic battle with the Viet Cong."
128,로보캅,1987,1h 42m,R,7.6, (302K),Paul Verhoeven,"Peter Weller, Nancy Allen, Dan O'Herlihy",Action,"In a violent future in Old Detroit, murdered police officer Alex Murphy is resurrected as RoboCop, a powerful cyborg law enforcer. As he fights crime, he begins to recover memories of his past and seeks revenge on the gang who killed him."
129,Tropa de Elite,2007,1h 55m,18,8.0, (117K),José Padilha,"Wagner Moura, André Ramiro, Caio Junqueira",Action,"In 1997 Rio de Janeiro, Captain Nascimento has to find a substitute for his position while trying to take down drug dealers and criminals before the Pope visits."
130,Tropa de Elite 2: O Inimigo Agora é Outro,2010,1h 55m,18,8.0, (91K),José Padilha,"Wagner Moura, Irandhir Santos, André Ramiro",Action,"After a prison riot, former-Captain Nascimento, now a high ranking security officer in Rio de Janeiro, is swept into a bloody political dispute that involves government officials and paramilitary groups."
131,The Untouchables,1987,1h 59m,18,7.8, (348K),Brian De Palma,"Kevin Costner, Sean Connery, Charles Martin Smith",Action,"During Prohibition, Treasury agent Eliot Ness sets out to stop ruthless Chicago gangster Al Capone, and assembles a small, incorruptible team to help him."
132,반지의 제왕: 반지 원정대,2001,2h 58m,12,8.9, (2.1M),Peter Jackson,"Alan Howard, Noel Appleby, Sean Astin",Action,A meek Hobbit from the Shire and eight companions set out on a journey to destroy the powerful One Ring and save Middle-earth from the Dark Lord Sauron.
133,저수지의 개들,1992,1h 39m,(Banned),8.3, (1.2M),Quentin Tarantino,"Harvey Keitel, Tim Roth, Michael Madsen",Action,"When a simple jewelry heist goes horribly wrong, the surviving criminals begin to suspect that one of them is a police informant."
134,The Punisher,2004,2h 4m,18,6.4, (178K),Jonathan Hensleigh,"A. Russell Andrews, Omar Avila, James Carpinello",Action,An undercover FBI agent becomes a vigilante and sets out to unleash his wrath upon the corrupt businessman who slaughtered his entire family at a reunion.
135,킹덤 오브 헤븐: 디렉터스 컷,2005,2h 24m,15,7.3, (342K),Ridley Scott,"Martin Hancock, Michael Sheen, Nathalie Cox",Action,"Balian of Ibelin travels to Jerusalem during the Crusades of the 12th century, and there he finds himself as the defender of the city and its people."
136,Spartacus,1960,3h 17m,12,7.9, (150K),Stanley Kubrick,"Anthony Mann, Kirk Douglas, Laurence Olivier, Jean Simmons",Action,"The slave Spartacus survives brutal training as a gladiator and leads a violent revolt against the decadent Roman Republic, as the ambitious Crassus seeks to gain power by crushing the uprising."
137,The Longest Day,1962,2h 58m,All,7.7, (62K),Ken Annakin,"Andrew Marton, Gerd Oswald, Eddie Albert, Paul Anka, Arletty",Action,"The events of D-Day, told on a grand scale from both the Allied and German points of view."
138,Bandolero!,1968,1h 46m,PG-13,6.5, (6.2K),Andrew V. McLaglen,"James Stewart, Dean Martin, Raquel Welch",Action,"Mace Bishop (James Stewart) masquerades as a hangman in order to save his outlaw brother, Dee (Dean Martin), from the gallows, runs to Mexico chased by Sheriff July Johnson's (George Kennedy's) posse and fights against Mexican bandits."
139,The Professionals,1966,1h 57m,PG-13,7.3, (20K),Richard Brooks,"Burt Lancaster, Lee Marvin, Robert Ryan",Action,An arrogant Texas millionaire hires four adventurers to rescue his kidnapped wife from a notorious Mexican bandit.
140,The Siege,1998,1h 56m,15,6.4, (82K),Edward Zwick,"Denzel Washington, Annette Bening, Bruce Willis",Action,"The secret U.S. abduction of a suspected terrorist leads to a wave of terrorist attacks in New York City, which leads to the declaration of martial-law."
141,Chicago Overcoat,2009,1h 34m,R,5.9, (1.4K),Brian Caunter,"Frank Vincent, Kathrine Narducci, Mike Starr",Action,The fates of an aging hitman and a washed up detective become entwined when one last job leads to one last chance to settle an old score.
142,The Hunt for Red October,1990,2h 15m,12,7.5, (227K),John McTiernan,"Sean Connery, Alec Baldwin, Scott Glenn",Action,"Moscow, Washington D.C. and a CIA Analyst track a rogue Soviet Captain and his new submarine."
143,Training Day,2001,2h 2m,18,7.8, (505K),Antoine Fuqua,"Denzel Washington, Ethan Hawke, Scott Glenn",Action,A rookie cop spends his first day as a Los Angeles narcotics officer with a rogue detective who isn't what he appears to be.
144,더 록,1996,2h 16m,15,7.4, (374K),Michael Bay,"Sean Connery, Nicolas Cage, Ed Harris",Action,"An FBI chemical weapons expert, and a former SAS soldier turned political prisoner, must break into Alcatraz prison when a rogue military group, led by a renegade general, take it over and threaten a nerve gas attack on San Francisco."
145,반지의 제왕: 왕의 귀환,2003,3h 21m,12,9.0, (2.1M),Peter Jackson,"Noel Appleby, Ali Astin, Sean Astin",Action,Gandalf and Aragorn lead the World of Men against Sauron's army to draw his gaze from Frodo and Sam as they approach Mount Doom with the One Ring.
146,Men in Black,1997,1h 38m,12,7.3, (651K),Barry Sonnenfeld,"Tommy Lee Jones, Will Smith, Linda Fiorentino",Action,"James, an NYC cop, is hired by Agent K of a secret government agency that monitors extraterrestrial life on Earth. Together, they must recover an item that has been stolen by an intergalactic villain."
147,Huo Yuan Jia,2006,1h 44m,12,7.6, (81K),Ronny Yu,"Jet Li, Li Sun, Yong Dong",Action,"A biography of Chinese Martial Arts Master Huo Yuanjia, who is the founder and spiritual guru of the Jin Wu Sports Federation."
148,The Forbidden Kingdom,2008,1h 44m,12,6.5, (113K),Rob Minkoff,"Jet Li, Michael Angarano, Jackie Chan",Action,"A discovery made by a kung fu obsessed American teen sends him on an adventure to ancient China, where he joins up with a band of martial arts warriors in order to free the imprisoned Monkey King."
149,Hap do Ko Fei,1992,1h 39m,15,7.1, (5.2K),Ringo Lam,"Chow Yun-Fat, Simon Yam, Ann Bridgewater",Action,Two disreputable friends get tied in with a group of criminals who turn out to be excessively violent and deceptive.
150,Yeonin,2004,1h 59m,12,7.5, (119K),Yimou Zhang,"Takeshi Kaneshiro, Andy Lau, Ziyi Zhang",Action,"A romantic police captain breaks a beautiful member of a rebel group out of prison to help her rejoin her fellows, but things are not what they seem."
151,Tau ming chong,2007,2h 6m,18,7.0, (28K),Peter Ho-Sun Chan,"Wai-Man Yip, Jet Li, Andy Lau, Takeshi Kaneshiro",Action,"China, 1860s: Having his army slaughtered, General Qingyun joins 2 bandit leaders in raids on rebels and in blood oath. They form a Qing loyal army with eyes on rebel held Suzhou and Nanjing."
152,Tai gik Cheung Sam Fung,1993,1h 36m,15,7.2, (11K),Yuen Woo-Ping,"Jet Li, Michelle Yeoh, Siu-Ho Chin",Action,"Two friends, ex Shaolin monks, part ways as they brush with the ongoing rebellion against the government. The ambitious one rises up to be a powerful military commander, while his betrayed friend resorts to learn the calm ways of Tai Chi."
153,Hak hap,1996,1h 39m,15,6.0, (13K),Daniel Lee,"Jet Li, Ching-Wan Lau, Karen Mok",Action,A survivor of a supersoldier project must fight his former comrades as a masked hero.
154,Sat sau ji wong,1998,1h 44m,15,6.1, (5.8K),Wei Tung,"Jet Li, Eric Tsang, Simon Yam",Action,"Two hitmen, one a novice and the other a veteran with poor luck, band together to find the ""King of Killers"" for whom there is a large reward."
155,블랙 다이너마이트,2009,1h 24m,R,7.4, (54K),Scott Sanders,"Phyllis Applegate, Obba Babatundé, William Bassett",Action,"Black Dynamite is the greatest African-American action star of the 1970s. When his only brother is killed by The Man, it's up to him to find justice."
156,The Wilby Conspiracy,1975,1h 45m,PG,6.4, (2.6K),Ralph Nelson,"Sidney Poitier, Michael Caine, Nicol Williamson",Action,A black anti-Apartheid activist and a British engineer are forced to run from South African Secret Police.
157,Octopussy,1983,2h 11m,15,6.5, (118K),John Glen,"Roger Moore, Maud Adams, Louis Jourdan",Action,"A fake Fabergé egg recovered from the body of a fellow agent leads James Bond to uncover a jewel smuggling operation led by the mysterious Octopussy, and a plot to blow up a NATO air base."
158,Thunderball,1965,2h 10m,15,6.9, (134K),Terence Young,"Sean Connery, Claudine Auger, Adolfo Celi",Action,James Bond heads to the Bahamas to recover two nuclear warheads stolen by S.P.E.C.T.R.E. Agent Emilio Largo in an international extortion scheme.
159,Payback,1999,1h 40m,18,7.1, (152K),Brian Helgeland,"Mel Gibson, Gregg Henry, Maria Bello",Action,"After a successful heist, Porter is left for dead. Once he recovers, he seeks vengeance and wants his share of the money."
160,Deja Vu,2006,2h 6m,12,7.1, (341K),Tony Scott,"Denzel Washington, Paula Patton, Val Kilmer",Action,"After a ferry is bombed in New Orleans, an A.T.F. agent joins a unique investigation using experimental surveillance technology to find the bomber, but soon finds himself becoming obsessed with one of the victims."
161,Spy Game,2001,2h 6m,12,7.1, (175K),Tony Scott,"Robert Redford, Brad Pitt, Catherine McCormack",Action,Retiring CIA agent Nathan Muir recalls his training of Tom Bishop while working against agency politics to free him from his Chinese captors.
162,Dung fong tuk ying,1987,1h 38m,15,7.1, (3.4K),Sammo Kam-Bo Hung,"Sammo Kam-Bo Hung, Biao Yuen, Haing S. Ngor",Action,"A group of Asian prisoners is recruited, trained, armed and sent to Vietnam to destroy a cache of American weapons left behind after the Vietnam War, before the Vietcong discovers its location."
163,Taegukgi hwinallimyeo,2004,2h 20m,15,8.0, (42K),Kang Je-kyu,"Jang Dong-gun, Won Bin, Lee Eun-ju",Action,"When two brothers are forced to fight in the Korean War, the elder decides to take the riskiest missions if it will help shield the younger from battle."
164,Musa,2001,2h 38m,15,7.1, (11K),Sung Soo Kim,"Jung Woo-sung, Ahn Sung-ki, Ju Jin-mo",Action,"1375. Nine Koryo warriors, envoys exiled by Imperial China, battle to protect a Chinese Ming Princess from Mongolian troops."
165,Dung fong sam hap,1993,1h 28m,15,6.6, (5.1K),Johnnie To,"Michelle Yeoh, Anita Mui, Maggie Cheung",Action,"While one tough woman with an invisible robe has stolen 18 babies for her powerful master, two other tough women and the cops try to stop her."
166,Wasabi,2001,1h 34m,15,6.6, (45K),Gérard Krawczyk,"Jean Reno, Ryôko Hirosue, Michel Muller",Action,"In Japan for the funeral of his long-lost love, a tough French detective learns that he also has a teenage daughter and that her life is in danger from the Yakuza."
167,Tian di ying xiong,2003,2h,15,6.3, (4.5K),Ping He,"Wen Jiang, Kiichi Nakai, Xueqi Wang",Action,"A Chinese emissary is sent to the Gobi desert to execute a renegade soldier. When a caravan transporting a Buddhist monk and a valuable treasure is threatened by thieves, however, the two warriors might unite to protect the travelers."
168,브이 포 벤데타,2005,2h 12m,15,8.1, (1.2M),James McTeigue,"Natalie Portman, Hugo Weaving, Stephen Rea",Action,"In a future British dystopian society, a shadowy freedom fighter, known only by the alias of ""V"", plots to overthrow the tyrannical government - with the help of a young woman."
169,Cloud Atlas,2012,2h 52m,18,7.4, (384K),Tom Tykwer,"Lana Wachowski, Lilly Wachowski, Tom Hanks, Halle Berry, Jim Broadbent",Action,"As souls are born and reborn, they renew their connections to one another throughout the ages."
170,스타워즈 에피소드 5 - 제국의 역습,1980,2h 4m,All,8.7, (1.5M),Irvin Kershner,"Mark Hamill, Harrison Ford, Carrie Fisher",Action,"After the Empire overpowers the Rebel Alliance, Luke Skywalker begins training with Jedi Master Yoda, while Darth Vader and bounty hunter Boba Fett pursue his friends across the galaxy."
171,Star Wars: Episode III - Revenge of the Sith,2005,2h 20m,All,7.6, (902K),George Lucas,"Ewan McGregor, Natalie Portman, Hayden Christensen",Action,"As the Clone Wars nears its end, Obi-Wan Kenobi pursues a new threat, while Anakin Skywalker is lured by Chancellor Palpatine into a sinister plot for galactic domination."
172,The Bourne Supremacy,2004,1h 48m,15,7.7, (505K),Paul Greengrass,"Matt Damon, Franka Potente, Brian Cox",Action,"When Jason Bourne is framed for a CIA operation gone awry, he is forced to resume his former life as a trained assassin to survive."
173,라스트 모히칸,1992,1h 52m,15,7.6, (202K),Michael Mann,"Daniel Day-Lewis, Madeleine Stowe, Russell Means",Action,Three Mohican trappers agree to protect the daughters of a British Colonel in the midst of the French and Indian War.
174,The Kingdom,2007,1h 50m,18,7.0, (136K),Peter Berg,"Jamie Foxx, Chris Cooper, Jennifer Garner",Action,A team of U.S. government agents are sent to investigate the bombing of an American facility in the Middle East.
175,Lone Survivor,2013,2h 1m,15,7.5, (319K),Peter Berg,"Mark Wahlberg, Taylor Kitsch, Emile Hirsch",Action,"Marcus Luttrell and his team set out on a mission to capture or kill notorious Taliban leader Ahmad Shah, in late June 2005. Marcus and his team are left to fight for their lives in one of the most valiant efforts of modern warfare."
176,왕이 되려던 사나이,1975,2h 9m,PG,7.7, (55K),John Huston,"Sean Connery, Michael Caine, Christopher Plummer",Action,"In 1880s India, two former British soldiers decide to set themselves up as Kings in Kafiristan, a land where no white man has set foot since Alexander the Great."
177,Harry Brown,2009,1h 43m,R,7.2, (94K),Daniel Barber,"Michael Caine, Emily Mortimer, Charlie Creed-Miles",Action,An elderly ex-serviceman and widower looks to avenge his best friend's murder by doling out his own form of justice.
178,Alien 2020,2000,1h 49m,18,7.0, (261K),David Twohy,"Vin Diesel, Radha Mitchell, Cole Hauser",Action,A transport ship crashes and leaves its crew stranded on a desert planet inhabited by bloodthirsty creatures that come out during an eclipse.
179,Beneath the Planet of the Apes,1970,1h 35m,All,6.0, (57K),Ted Post,"James Franciscus, Kim Hunter, Maurice Evans",Action,The sole survivor of an interplanetary rescue mission searches for the only survivor of the previous expedition. He discovers a planet ruled by apes and an underground city run by telepathic humans.
180,Master and Commander: The Far Side of the World,2003,2h 18m,12,7.5, (251K),Peter Weir,"Russell Crowe, Paul Bettany, James D'Arcy",Action,"During the Napoleonic Wars, a brash British captain pushes his ship and crew to their limits in pursuit of a formidable French war vessel around South America."
181,Shu dan long wei,1995,1h 41m,15,6.1, (4.8K),Wai-Lun Lam,"Jing Wong, Jet Li, Chingmy Yau, Jacky Cheung",Action,"Bodyguard Kit Li's martial arts skills are put to the test when a villainous gang attempts to steal Russian crown jewels from a Hong Kong hotel where his cowardly client, actor Frankie Lane, is attending an exhibition."
182,Go do gaai bei,1997,1h 39m,15,6.8, (1.4K),Ringo Lam,"Ching-Wan Lau, Francis Ng, Amanda Lee",Action,"Police Inspector Pao is trying to catch Mak Kwan, a gang member who is first arrested, but then escapes from the prison. By chance, Pao realizes that the target of Kwan's gang is the H. K. Jockey Club."
183,Ong-Bak,2003,1h 48m,15,7.1, (81K),Prachya Pinkaew,"Tony Jaa, Phetthai Vongkumlao, Pumwaree Yodkamol",Action,"When the head of a statue sacred to a village is stolen, a young martial artist goes to the big city and finds himself taking on the underworld to retrieve it."
184,The Peacemaker,1997,2h 4m,15,6.0, (66K),Mimi Leder,"George Clooney, Nicole Kidman, Marcel Iures",Action,A US Army colonel and a civilian woman supervising him must track down stolen Russian nuclear weapons before they're used by terrorists.
185,The Tournament,2009,1h 35m,18,6.0, (37K),Scott Mann,"Robert Carlyle, Kelly Hu, Ian Somerhalder",Action,"A tournament is watched by dozens of wealthy men betting on which one of the 30 assassins will survive the next 24 hours ""kill or die"" and claim the USD10,000,000 prize. It takes place in an English town with plenty of CCTVs."
186,Equilibrium,2002,1h 47m,15,7.3, (358K),Kurt Wimmer,"Dominic Purcell, Christian Bale, Sean Bean",Action,"In an oppressive future where all forms of feeling are illegal, a man in charge of enforcing the law rises to overthrow the system and state."
187,I Am Legend,2007,1h 41m,12,7.2, (862K),Francis Lawrence,"Will Smith, Alice Braga, Charlie Tahan",Action,"Years after a plague kills most of humanity and transforms the rest into monsters, the sole survivor in New York City struggles valiantly to find a cure."
188,The American,2010,1h 45m,18,6.3, (106K),Anton Corbijn,"George Clooney, Irina Björklund, Lars Hjelm",Action,An assassin hides out in Italy for one last assignment.
189,The Mechanik,2005,1h 34m,R,5.5, (4.1K),Dolph Lundgren,"Dolph Lundgren, Ben Cross, Ivan Petrushinov",Action,"A Russian ex-Spetsnaz working as a mechanic in LA accepts a job freeing a kidnapped woman in Saint Petersburg, as the mob boss also killed his wife and son 7 years ago. The body count begins."
190,The Treasure of the Sierra Madre,1948,2h 6m,12,8.2, (139K),John Huston,"Humphrey Bogart, Walter Huston, Tim Holt",Action,Two down-on-their-luck Americans searching for work in 1920s Mexico convince an old prospector to help them mine for gold in the Sierra Madre Mountains.
191,La bataille de San Sebastian,1968,1h 51m,G,6.6, (2.6K),Henri Verneuil,"Anthony Quinn, Anjanette Comer, Charles Bronson",Action,"In 1743, outlaw Leon Alastray is hunted by the Spanish army but is given sanctuary by a priest in a village terrorized by marauding Yaqui Indians."
192,Natural Born Killers,1994,1h 59m,19,7.2, (264K),Oliver Stone,"O-Lan Jones, Woody Harrelson, Juliette Lewis",Action,Two victims of traumatized childhoods become lovers and psychopathic serial murderers irresponsibly glorified by the mass media.
193,Murder at 1600,1997,1h 47m,18,6.1, (34K),Dwight H. Little,"Wesley Snipes, Diane Lane, Daniel Benzali",Action,A young woman is murdered in the White House. Homicide detective Regis investigates while Secret Service works against him. He's assigned agent Chance. She eventually cooperates after a man's framed.
194,"Sono otoko, kyôbô ni tsuki",1989,1h 43m,18,7.1, (14K),Takeshi Kitano,"Takeshi Kitano, Maiko Kawakami, Makoto Ashikawa",Action,A violence prone police officer discovers that his colleague is trafficking drugs.
195,Terminator: Dark Fate,2019,2h 8m,15,6.2, (208K),Tim Miller,"Linda Hamilton, Arnold Schwarzenegger, Mackenzie Davis",Action,"An augmented human and Sarah Connor must stop an advanced liquid Terminator from hunting down a young girl, whose fate is critical to the human race."
196,Live Free or Die Hard,2007,2h 8m,12,7.1, (432K),Len Wiseman,"Bruce Willis, Timothy Olyphant, Justin Long",Action,"John McClane is forced to team up with a young computer hacker, Matt Farrell, to stop a master cyber-terrorist called Thomas Gabriel, who wants to shut down the entire nations computer infrastructure in a mass cyber attack."
197,Patriots Day,2016,2h 13m,15,7.3, (120K),Peter Berg,"Mark Wahlberg, Dicky Eklund Jr., Michael Marchand",Action,"The story of the 2013 Boston Marathon bombing and the aftermath, which includes the city-wide manhunt to find the terrorists responsible."
198,Deepwater Horizon,2016,1h 47m,12,7.1, (195K),Peter Berg,"Mark Wahlberg, Kurt Russell, Douglas M. Griffin",Action,"A dramatization of the disaster in April 2010, when the offshore drilling rig called the Deepwater Horizon exploded, resulting in the worst oil spill in history."
199,London Has Fallen,2016,1h 39m,15,5.9, (178K),Babak Najafi,"Alon Aboutboul, Waleed Zuaiter, Adel Bencherif",Action,"Whilst in London, England for the British Prime Minister's funeral, Mike Banning is caught up in a terrorist plot to assassinate all the attending world leaders in one strike."
200,Den of Thieves,2018,2h 20m,15,7.0, (149K),Christian Gudegast,"Gerard Butler, Pablo Schreiber, O'Shea Jackson Jr.",Action,An elite unit of the LA County Sheriff's Dept. and the state's most successful bank robbery crew clash as the outlaws plan a seemingly impossible heist on the Federal Reserve Bank.
201,런 올 나이트,2015,1h 54m,18,6.6, (119K),Jaume Collet-Serra,"Liam Neeson, Ed Harris, Joel Kinnaman",Action,"Mobster and hit man Jimmy Conlon has one night to figure out where his loyalties lie: with his estranged son, Mike, whose life is in danger, or his longtime best friend, mob boss Shawn Maguire, who wants Mike to pay for the death of his own son."
202,존 윅,2014,1h 41m,19,7.5, (804K),Chad Stahelski,"Keanu Reeves, Michael Nyqvist, Alfie Allen",Action,"John Wick is a former hitman grieving the loss of his true love. When his home is broken into, robbed, and his dog killed, he is forced to return to action to exact revenge."
203,The Equalizer,2014,2h 12m,18,7.3, (455K),Antoine Fuqua,"Denzel Washington, Marton Csokas, Chloë Grace Moretz",Action,A man who believes he has put his mysterious past behind him cannot stand idly by when he meets a young girl under the control of ultra-violent Russian gangsters.
204,Star Trek: Insurrection,1998,1h 43m,12,6.4, (82K),Jonathan Frakes,"Patrick Stewart, Jonathan Frakes, Brent Spiner",Action,"When the crew of the Enterprise learn of a Federation conspiracy against the inhabitants of a unique planet, Captain Picard begins an open rebellion."
205,Johnny Mnemonic,1995,1h 43m,15,5.6, (80K),Robert Longo,"Keanu Reeves, Dina Meyer, Ice-T",Action,"A data courier, literally carrying a data package inside his head, must deliver it before he dies from the burden or is killed by the Yakuza."
206,Maniac Cop 2,1990,1h 30m,R,5.9, (9.5K),William Lustig,"Robert Davi, Claudia Christian, Michael Lerner",Action,"A supernatural, maniac killer cop teams up with a Times Square serial killer."
207,Predators,2010,1h 47m,15,6.4, (257K),Nimród Antal,"Adrien Brody, Topher Grace, Alice Braga",Action,A group of elite warriors parachute into an unfamiliar jungle and are hunted by members of a merciless alien race.
208,Dawn of the Dead,1978,2h 7m,18,7.8, (135K),George A. Romero,"David Emge, Ken Foree, Scott H. Reiniger",Action,"During an escalating zombie epidemic, two Philadelphia SWAT team members, a traffic reporter and his TV executive girlfriend seek refuge in a secluded shopping mall."
209,Dawn of the Dead,2004,1h 41m,18,7.2, (285K),Zack Snyder,"Sarah Polley, Ving Rhames, Jake Weber",Action,"A nurse, a policeman, a young married couple and other survivors of a worldwide plague that is producing aggressive, flesh-eating zombies take refuge in a mega Midwestern shopping mall."
210,Day of the Dead,1985,1h 41m,18,7.1, (78K),George A. Romero,"Lori Cardille, Terry Alexander, Joseph Pilato",Action,"As the world is overrun by zombies, a group of scientists and military personnel sheltering in an underground bunker in Florida must decide on how they should deal with the undead horde."
211,Land of the Dead,2005,1h 33m,18,6.2, (104K),George A. Romero,"Simon Baker, John Leguizamo, Dennis Hopper",Action,"The living dead have taken over the world, and the last humans live in a walled city to protect themselves as they come to grips with the situation."
212,Phantasm II,1988,1h 37m,18,6.4, (18K),Don Coscarelli,"James Le Gros, Reggie Bannister, Angus Scrimm",Action,"Mike, now released from a psychiatric hospital, meets with Reggie, and discover his dreams (the events of the original film) are real, and they both journey to find and stop the evil Tall Man from his grim work."
213,Wishmaster,1997,1h 30m,18,5.9, (28K),Robert Kurtzman,"Angus Scrimm, Ari Barak, Jake McKinnon",Action,"A demonic djinn attempts to grant its owner three wishes, which will allow him to summon his brethren to Earth."
214,The Perfect Weapon,1991,1h 25m,R,6.0, (5.2K),Mark DiSalle,"Jeff Speakman, John Dye, Mako",Action,"An expert in ""kenpo"" karate avenges his Koreatown friend, slain by a mobster in Los Angeles."
215,Dark Angel,1990,1h 10m,15,6.1, (16K),Craig R. Baxley,"Dolph Lundgren, Brian Benben, Betsy Brantley",Action,A renegade cop is forced to work with an FBI agent in order to bring down a group of drug dealers with sinister plans.
216,Men of War,1994,1h 42m,15,5.6, (4.9K),Perry Lang,"Dolph Lundgren, Charlotte Lewis, BD Wong",Action,A former Special Ops soldier leads a group of mercenaries to an island in the South China Sea: their mission is obtain the rights to the unusual treasure that the island beholds.
217,Joshua Tree,1993,1h 46m,15,5.7, (6.7K),Vic Armstrong,"Dolph Lundgren, George Segal, Kristian Alfonso",Action,A framed prison escapee unknowingly kidnaps a female cop en-route to a rendezvous with the corrupt cop who put him behind bars.
218,The Shooter,1995,1h 44m,18,5.1, (2.5K),Ted Kotcheff,"Dolph Lundgren, Maruschka Detmers, Assumpta Serna",Action,A CIA agent gets caught up in political intrigue after he gets brought in to solve the murder of a Cuban ambassador.
219,Daeboo,1972,2h 55m,18,9.2, (2.2M),Francis Ford Coppola,"Marlon Brando, Al Pacino, James Caan",Action,The aging patriarch of an organized crime dynasty transfers control of his clandestine empire to his reluctant son.
220,블레이드 러너 2049,2017,2h 44m,15,8.0, (731K),Denis Villeneuve,"Ryan Gosling, Dave Bautista, Robin Wright",Action,"Young Blade Runner K's discovery of a long-buried secret leads him to track down former Blade Runner Rick Deckard, who's been missing for thirty years."
221,블레이드 러너,1982,1h 57m,15,8.1, (867K),Ridley Scott,"Harrison Ford, Rutger Hauer, Sean Young",Action,A blade runner must pursue and terminate four replicants who stole a ship in space and have returned to Earth to find their creator.
222,시카리오: 암살자의 도시,2015,2h 1m,19,7.7, (521K),Denis Villeneuve,"Emily Blunt, Benicio Del Toro, Josh Brolin",Action,An idealistic FBI agent is enlisted by a government task force to aid in the escalating war against drugs at the border area between the U.S. and Mexico.
223,Sicario: Day of the Soldado,2018,2h 2m,15,7.1, (185K),Stefano Sollima,"Benicio Del Toro, Josh Brolin, Isabela Merced",Action,"The drug war on the U.S.-Mexico border has escalated as the cartels have begun trafficking terrorists across the US border. To fight the war, federal agent Matt Graver re-teams with the mercurial Alejandro."
224,The Great Wall,2016,1h 43m,12,5.9, (157K),Yimou Zhang,"Matt Damon, Tian Jing, Willem Dafoe",Action,"In ancient China, a group of European mercenaries encounters a secret army that maintains and defends the Great Wall of China against a horde of monstrous creatures."
225,The Bourne Legacy,2012,2h 15m,15,6.6, (325K),Tony Gilroy,"Jeremy Renner, Scott Glenn, Stacy Keach",Action,"An expansion of the universe from Robert Ludlum's novels, centered on a new hero whose stakes have been triggered by the events of the previous three films."
226,이방인,1970,1h 37m,PG,5.7, (1.9K),Peter Collinson,"Tony Curtis, Charles Bronson, Michèle Mercier",Action,"During the 1922 Turkish Civil War, two Americans and a group of foreign mercenaries offer their services to a local Turkish governor who hires them as guards for a secret transport."
227,The Evil That Men Do,1984,1h 30m,R,5.9, (5.2K),J. Lee Thompson,"Charles Bronson, Theresa Saldana, Joseph Maher",Action,A former assassin comes out of retirement to avenge the brutal murder of his friend at the hands of a sadistic torturer employed by an oppressive foreign dictatorship.
228,Breakheart Pass,1975,1h 35m,PG,6.7, (10K),Tom Gries,"Charles Bronson, Ben Johnson, Richard Crenna",Action,"John Deakin is being transported, as a prisoner, on a train with supplies and medicine to Fort Humboldt, Nevada, so he can help aid the remote garrison of Fort Humboldt."
229,배신자,1970,1h 34m,Youth not allowed,5.7, (3.4K),Terence Young,"Charles Bronson, James Mason, Liv Ullmann",Action,"With his wife and daughter being held hostage, a seasoned ex-military man is involved in a shady smuggling operation to save his family."
230,Murphy's Law,1986,1h 40m,R,5.9, (7.2K),J. Lee Thompson,"Charles Bronson, Kathleen Wilhoite, Carrie Snodgress",Action,"Framed for his ex-wife's murder by a parolee he once put behind bars, Los Angeles cop Jack Murphy escapes from custody to capture the killer, but he is now handcuffed to a foul-mouthed thief he had only just arrested."
231,48 Hrs.,1982,1h 36m,18,6.9, (91K),Walter Hill,"Nick Nolte, Eddie Murphy, Annette O'Toole",Action,A hard-nosed cop reluctantly teams up with a wise-cracking criminal temporarily paroled to him in order to track down a killer.
232,Another 48 Hrs.,1990,1h 35m,18,5.9, (47K),Walter Hill,"Eddie Murphy, Nick Nolte, Brion James",Action,"Jack Cates once again enlists the aid of ex-con Reggie Hammond - this time to take down The Iceman, a ruthless drug lord operating in the San Francisco bay area."
233,Toy Soldiers,1991,1h 51m,18,6.6, (27K),Daniel Petrie Jr.,"Sean Astin, Wil Wheaton, Keith Coogan",Action,A group of troublemaking boys decide to take a stand when terrorists seize control of their boarding school.
234,Trespass,1992,1h 41m,R,6.3, (15K),Walter Hill,"Bill Paxton, Ice-T, William Sadler",Action,"Two firemen in a burning building get a treasure map - stolen gold church items are hidden in a closed down factory in St. Louis. Once there, they're trapped in by a black gang considering it their territory."
235,The Driver,1978,1h 31m,R,7.1, (21K),Walter Hill,"Ryan O'Neal, Bruce Dern, Isabelle Adjani",Action,A getaway driver becomes the latest assignment for a tenacious detective.
236,No Escape,1994,1h 43m,R,6.1, (24K),Martin Campbell,"Ray Liotta, Lance Henriksen, Stuart Wilson",Action,A soldier convicted for murdering his commanding officer is dumped and left to die on a prison island inhabited by two camps of convicts.
237,Split Second,1992,1h 30m,18,6.0, (18K),Tony Maylam,"Rutger Hauer, Kim Cattrall, Alastair Duncan",Action,"In a flooded future London, Detective Harley Stone hunts a serial killer who murdered his partner, and has haunted him ever since. He soon discovers what he is hunting might not be human."
238,Shoot 'Em Up,2007,1h 26m,18,6.6, (158K),Michael Davis,"Clive Owen, Paul Giamatti, Monica Bellucci",Action,"A man named Mr. Smith delivers a woman's baby during a shootout, and is then called upon to protect the newborn from the army of gunmen."
239,The Punisher,1989,1h 29m,18,5.6, (28K),Mark Goldblatt,"Dolph Lundgren, Louis Gossett Jr., Jeroen Krabbé",Action,"When Frank Castle's family is murdered by criminals, he wages war on crime as a vigilante assassin known only as The Punisher."
240,Punisher: War Zone,2008,1h 43m,19,5.9, (70K),Lexi Alexander,"Ray Stevenson, Dominic West, Doug Hutchison",Action,"Frank Castle, known as the Punisher, ruthlessly demolishes organized crime, but it starts an even bigger war."
241,Drop Zone,1994,1h 41m,15,5.6, (23K),John Badham,"Wesley Snipes, Gary Busey, Yancy Butler",Action,A tough cop teams up with a professional skydiver to capture a renegade computer hacker on the run from the law.
242,Passenger 57,1992,1h 24m,15,5.9, (53K),Kevin Hooks,"Wesley Snipes, Bruce Payne, Tom Sizemore",Action,"Airline security specialist John Cutter, finally returning to the job after his wife's death, finds himself in the middle of a hijacking by terrorists led by notorious international criminal Charles Rane."
243,Terminal Velocity,1994,1h 42m,15,5.5, (15K),Deran Sarafian,"Charlie Sheen, Nastassja Kinski, James Gandolfini",Action,A maverick skydiver and a former KGB agent team up to stop the Russian mafia from stealing gold.
244,Bloodsport,1988,1h 32m,12,6.8, (101K),Newt Arnold,"Jean-Claude Van Damme, Donald Gibb, Leah Ayres",Action,"""Bloodsport"" follows Frank Dux, an American martial artist serving in the military, who decides to leave the army to compete in a martial arts tournament in Hong Kong where fights to the death can occur."
245,Sudden Death,1995,1h 51m,18,5.9, (39K),Peter Hyams,"Jean-Claude Van Damme, Powers Boothe, Raymond J. Barry",Action,"Darren McCord, a fire marshal for the Pittsburgh Civic Arena, finds himself in a race against time to save his daughter, the Vice President and a crowded stadium, when terrorists take over an NHL Stanley Cup game."
246,Surviving the Game,1994,1h 36m,15,6.2, (14K),Ernest R. Dickerson,"Ice-T, Rutger Hauer, Charles S. Dutton",Action,"A homeless man is hired as a survival guide for a group of wealthy businessmen on a hunting trip in the mountains, unaware that they are killers who hunt humans for sport, and that he is their new prey."
247,록키,1976,2h,12,8.1, (674K),John G. Avildsen,"Sylvester Stallone, Talia Shire, Burt Young",Action,A small-time Philadelphia boxer gets a supremely rare chance to fight the world heavyweight champion in a bout in which he strives to go the distance for his self-respect.
248,Rocky II,1979,1h 59m,12,7.3, (245K),Sylvester Stallone,"Sylvester Stallone, Talia Shire, Burt Young",Action,"Rocky struggles in family life after his bout with Apollo Creed, while the embarrassed champ insistently goads him to accept a challenge for a rematch."
249,Rocky III,1982,1h 39m,12,6.9, (224K),Sylvester Stallone,"Sylvester Stallone, Talia Shire, Burt Young",Action,"Rocky faces the ultimate challenge from a powerful new contender, and must turn to a former rival to help regain his throne as the undisputed fighting champion."
250,Rocky IV,1985,1h 31m,12,6.9, (240K),Sylvester Stallone,"Sylvester Stallone, Talia Shire, Burt Young",Action,"Rocky Balboa proudly holds the world heavyweight boxing championship, but a new challenger has stepped forward: Drago, a six-foot-six, 261-pound fighter who has the backing of the Soviet Union."
251,크리드,2015,2h 13m,12,7.6, (328K),Ryan Coogler,"Michael B. Jordan, Sylvester Stallone, Tessa Thompson",Action,"The former World Heavyweight Champion Rocky Balboa serves as a trainer and mentor to Adonis Johnson, the son of his late friend and former rival Apollo Creed."
252,크리드 2,2018,2h 10m,12,7.1, (166K),Steven Caple Jr.,"Michael B. Jordan, Sylvester Stallone, Tessa Thompson",Action,"Under the tutelage of Rocky Balboa, newly crowned heavyweight champion Adonis Creed faces off against Viktor Drago, the son of Ivan Drago."
253,Gymkata,1985,1h 30m,R,4.4, (4.9K),Robert Clouse,"Kurt Thomas, Tetchie Agbayani, Richard Norton",Action,An American gymnast travels to the distant land of Parmistan to compete in a deadly game not won by a foreigner in more than nine hundred years.
254,The Hitman's Bodyguard,2017,1h 58m,18,6.9, (259K),Patrick Hughes,"Elodie Yung, Ryan Reynolds, Tsuwayuki Saotome",Action,"Michael Bryce, a protection agent, is tasked with protecting Darius Kincaid, one of the world's most famous assassins."
255,Acts of Vengeance,2017,1h 27m,15,5.7, (14K),Isaac Florentine,"Antonio Banderas, Karl Urban, Paz Vega",Action,"A fast-talking lawyer transforms his body and takes a vow of silence, not to be broken until he finds out who killed his wife and daughter and has his revenge."
256,Security,2017,1h 28m,18,5.8, (24K),Alain Desrochers,"Antonio Banderas, Ben Kingsley, Liam McIntyre",Action,A security guard protects an eleven year-old girl who is being targeted by a gang for participating as a trial witness.
257,Haywire,2011,1h 33m,15,5.8, (92K),Steven Soderbergh,"Gina Carano, Michael Angarano, Channing Tatum",Action,A black ops super soldier seeks payback after she is betrayed and set up during a mission.
258,El placer de matar,1988,1h 30m,,4.9, (195),Félix Rotaeta,"Antonio Banderas, Mathieu Carrière, Victoria Abril",Action,The story of two men with very different lives but united for the pleasure of killing.
259,Excessive Force,1992,1h 27m,15,5.3, (1.7K),Jon Hess,"Thomas Ian Griffith, Lance Henriksen, James Earl Jones",Action,"Chicago cops' $3M disappears during raid. Mob seeks vengeance, bodies pile up. New chief gives last cop leeway for vigilante justice against mob."
260,Ghost Dog: The Way of the Samurai,1999,1h 56m,18,7.5, (102K),Jim Jarmusch,"Forest Whitaker, John Tormey, Cliff Gorman",Action,An African-American Mafia hit man who models himself after the samurai of old finds himself targeted for death by the mob.
261,Sabotage,2014,1h 49m,18,5.7, (68K),David Ayer,"Arnold Schwarzenegger, Sam Worthington, Joe Manganiello",Action,Members of an elite DEA task force find themselves being taken down one by one after they rob a drug cartel safe house.
262,Vigilante,1982,1h 30m,R,6.5, (5.1K),William Lustig,"Robert Forster, Fred Williamson, Richard Bright",Action,"After his wife and son got brutalized by a street gang, and a corrupt criminal justice system puts the perpetrators back on the street, a NYC factory worker teams up with a vigilante group to find some measure of bloody justice."
263,That Man Bolt,1973,1h 44m,R,5.8, (485),Henry Levin,"David Lowell Rich, Fred Williamson, Byron Webster, Miko Mayama",Action,"To take a briefcase from Hong Kong to Mexico City, via Los Angeles, is it necessary to call on that man - Bolt? With the number of dangerous spies and gangsters who are after that briefcase, maybe Jefferson Bolt is not enough."
264,The Substitute,1996,1h 54m,18,6.1, (18K),Robert Mandel,"Tom Berenger, Raymond Cruz, William Forsythe",Action,Shale's Mercenary team is retired after a (not so) covert mission in Cuba. He becomes a substitute teacher at his teacher fiancee's Miami high school to get those behind kneecapping her. His team helps him.
265,Acts of Violence,2018,1h 26m,R,5.3, (14K),Brett Donowho,"Bruce Willis, Cole Hauser, Shawn Ashmore",Action,"When a bride-to-be is kidnapped by human traffickers, her fiancé and his ex-military brothers embark on a violent rescue mission, teaming up with a cop investigating the same crime ring."
266,The Purge: Anarchy,2014,1h 43m,18,6.4, (170K),James DeMonaco,"Frank Grillo, Carmen Ejogo, Zach Gilford",Action,"Three groups of people intertwine and are left stranded in the streets on Purge Night, trying to survive the chaos and violence that occurs."
267,Street Kings,2008,1h 49m,18,6.8, (125K),David Ayer,"Keanu Reeves, Forest Whitaker, Hugh Laurie",Action,"An undercover cop, disillusioned by the death of his wife, is implicated in the murder of an officer and must struggle to clear himself."
268,Falling Down,1993,1h 53m,(Banned),7.6, (221K),Joel Schumacher,"Michael Douglas, Robert Duvall, Barbara Hershey",Action,An ordinary man reaches his breaking point and starts lashing out against the various flaws he sees in society.
269,Missionary Man,2007,1h 33m,18,5.0, (2.7K),Dolph Lundgren,"Dolph Lundgren, Kateri Walker, Chelsea Ricketts",Action,A mysterious stranger rolls into town on a unique motorcycle. All he carries is the bible and a desire for justice. Past vengeance collides as Ryder rights an injustice from his past and liberates the small town from a malicious oppressor.
270,Out of the Furnace,2013,1h 56m,18,6.7, (130K),Scott Cooper,"Woody Harrelson, Dendrie Taylor, Carl Ciarfalio",Action,A steelworker takes matters into his own hands after police fail to find his missing brother.
271,A Dark Truth,2012,1h 46m,18,5.6, (6.5K),Damian Lee,"Andy Garcia, Kim Coates, Deborah Kara Unger",Action,A former CIA operative turned political talk show host is hired by a disaffected corporate shareholder to expose her company's cover-up of an incident and deaths in an Ecuadorian village.
272,All the Devil's Men,2018,1h 39m,15,5.1, (3.8K),Matthew Hope,"Milo Gibson, Sylvia Hoeks, Gbenga Akinnagbe",Action,"A battle-scarred War on Terror bounty hunter is forced to go to London on a manhunt for a disavowed CIA operative, which leads him into a deadly running battle with a former military comrade and his private army."
273,Mechanic: Resurrection,2016,1h 38m,15,5.7, (101K),Dennis Gansel,"Jason Statham, Jessica Alba, Tommy Lee Jones",Action,Bishop's most formidable foe kidnaps the love of his life in order to make him complete three impossible assassinations and make them look like accidents.
274,McBain,1991,1h 43m,15,4.9, (2.5K),James Glickenhaus,"Michael Joseph DeSare, Chick Vennera, Michael Ironside",Action,A former Vietnam War lieutenant reforms his old team in order to help a revolutionary's sister overthrow a ruthless dictator.
275,El Chicano,2018,2h 24m,R,5.4, (1.7K),Ben Hernandez Bray,"Logan Arevalo, Julian Bray, Adolfo Alvarez",Action,A pair of twin brothers from East L.A. choose to live their lives differently and end up on opposite sides of the law.
276,더 프로티제,2021,1h 49m,15,6.1, (41K),Martin Campbell,"Michael Keaton, Maggie Q, Samuel L. Jackson",Action,"Rescued as a child by the legendary assassin Moody, Anna is the world's most skilled contract killer. However, when Moody is brutally killed, she vows revenge for the man who taught her everything she knows."
277,노바디,2021,1h 32m,15,7.4, (377K),Ilya Naishuller,"Bob Odenkirk, Aleksey Serebryakov, Connie Nielsen",Action,"A docile family man slowly reveals his true character after his house gets burgled by two petty thieves, which, coincidentally, leads him into a bloody war with a Russian crime boss."
278,Sharky's Machine,1981,2h 2m,18,6.3, (7.1K),Burt Reynolds,"Burt Reynolds, Vittorio Gassman, Brian Keith",Action,Tom Sharky is demoted to vice after a bust goes terribly wrong. He and his team stumble across a mob murder tied to prostitution and government.
279,Stone Cold,1991,1h 32m,18,6.1, (11K),Craig R. Baxley,"Brian Bosworth, Lance Henriksen, William Forsythe",Action,A tough Alabama cop is blackmailed by the FBI into going undercover in a violent Mississippi biker gang.
280,One in the Chamber,2012,1h 31m,18,5.1, (5.2K),William Kaufman,"Cuba Gooding Jr., Dolph Lundgren, Claudia Bassols",Action,An assassin playing both sides in a Russian gang war becomes the target of an unknown enemy.
281,Wrong Turn at Tahoe,2009,1h 31m,18,6.0, (4.8K),Franck Khalfoun,"Cuba Gooding Jr., Miguel Ferrer, Harvey Keitel",Action,A small-time crime boss kills a drug dealer without realizing that the drug dealer works for the biggest crime boss in the country.
282,그랜 토리노,2008,1h 56m,12,8.1, (850K),Clint Eastwood,"Clint Eastwood, Christopher Carley, Bee Vang",Action,"After a Hmong teenager tries to steal his prized 1972 Gran Torino, a disgruntled, prejudiced Korean War veteran seeks to redeem both the boy and himself."
283,Ricochet,1991,1h 42m,18,6.2, (22K),Russell Mulcahy,"Denzel Washington, John Lithgow, Ice-T",Action,Hitman seeks revenge on a police officer turned District Attorney.
284,Spartan,2004,1h 46m,15,6.5, (34K),David Mamet,"Tia Texada, Derek Luke, Val Kilmer",Action,The investigation into a kidnapping of the daughter of a high-ranking US government official.
285,Homefront,2013,1h 40m,18,6.5, (139K),Gary Fleder,"Jason Statham, James Franco, Izabela Vidovic",Action,"A former DEA agent moves his family to a quiet town, where he soon tangles with a local meth druglord."
286,Hero Wanted,2008,1h 34m,R,5.5, (7.5K),Brian Smrz,"Cuba Gooding Jr., Ray Liotta, Norman Reedus",Action,A man seeks revenge after he and a bank teller are shot and left for dead during a robbery.
287,Lucky Number Slevin,2006,1h 50m,18,7.7, (336K),Paul McGuigan,"Josh Hartnett, Bruce Willis, Lucy Liu",Action,"A case of mistaken identity lands Slevin into the middle of a war being plotted by two of the city's rival crime bosses. Under constant surveillance by Detective Brikowski and assassin Goodkat, he must get them before they get him."
288,Saluda al diablo de mi parte,2011,1h 30m,,6.0, (788),J. Felipe Orozco,"Edgar Ramírez, Ricardo Vélez, Carolina Gómez",Action,A former guerrilla is reluctantly drawn into the vengeance scheme of one of his victims.
289,Action Jackson,1988,1h 36m,R,5.6, (13K),Craig R. Baxley,"Carl Weathers, Craig T. Nelson, Vanity",Action,Vengeance drives a tough Detroit cop to stay on the trail of a power-hungry auto magnate who is systematically eliminating his competition.
290,Tango & Cash,1989,1h 44m,18,6.4, (119K),Andrei Konchalovsky,"Sylvester Stallone, Kurt Russell, Teri Hatcher",Action,"Framed by their ruthless arch-nemesis, a pair of mismatched LAPD officers must put their differences aside to get even with the brutal crime baron who sent them to rot in a maximum-security prison."
291,Avengement,2019,1h 27m,18,6.6, (23K),Jesse V. Johnson,"Scott Adkins, Craig Fairbrass, Thomas Turgoose",Action,"After years of assaults on him in prison, convicted felon Cain Burgess escapes for avengement on those responsible."
292,더 퍼지: 포에버,2021,1h 43m,18,5.4, (48K),Everardo Gout,"Ana de la Reguera, Tenoch Huerta, Josh Lucas",Action,All the rules are broken as a sect of lawless marauders decides that the annual Purge does not stop at daybreak and instead should never end.
293,Runaway Train,1985,1h 51m,18,7.2, (36K),Andrei Konchalovsky,"Jon Voight, Eric Roberts, Rebecca De Mornay",Action,Two escaped convicts and a female railway worker find themselves trapped on a speeding train with no brakes and nobody driving.
294,소서러,1977,2h 1m,15,7.7, (33K),William Friedkin,"Roy Scheider, Bruno Cremer, Francisco Rabal",Action,Four unfortunate men from different parts of the globe agree to risk their lives transporting gallons of nitroglycerin across dangerous Latin American jungle.
295,죠스,1975,2h 4m,15,8.1, (720K),Steven Spielberg,"Roy Scheider, Robert Shaw, Richard Dreyfuss",Action,"When a massive killer shark unleashes chaos on a beach community off Long Island, it's up to the local police chief, a marine biologist, and an old seafarer to hunt the beast down."
296,Jyuragi gongwon,1993,2h 7m,12,8.2, (1.1M),Steven Spielberg,"Sam Neill, Laura Dern, Jeff Goldblum",Action,"An industrialist invites some experts to visit his theme park of cloned dinosaurs. After a power failure, the creatures run loose, putting everyone's lives, including his grandchildren's, in danger."
297,Dead Presidents,1995,1h 59m,18,6.9, (26K),Albert Hughes,"Allen Hughes, Larenz Tate, Keith David, Chris Tucker",Action,"A Vietnam vet adjusts to life after the war while trying to support his family, but the chance of a better life may involve crime and bloodshed."
298,Riddick,2013,1h 59m,15,6.4, (184K),David Twohy,"Vin Diesel, Jordi Mollà, Matt Nable",Action,"Left for dead on a sun-scorched planet, Riddick finds himself up against an alien race of predators. Activating an emergency beacon alerts two ships: one carrying a new breed of mercenary, the other captained by a man from Riddick's past."
299,The Chronicles of Riddick,2004,1h 59m,12,6.6, (249K),David Twohy,"Vin Diesel, Colm Feore, Thandiwe Newton",Action,"The wanted criminal Richard Bruno Riddick arrives on a planet called Helion Prime and finds himself up against an invading empire called the Necromongers, an army that plans to convert or kill all humans in the universe."
300,End of Watch,2012,1h 49m,18,7.6, (286K),David Ayer,"Jake Gyllenhaal, Michael Peña, Natalie Martinez",Action,"Shot documentary-style, this film follows the daily grind of two young police officers in LA who are partners and close friends."
301,Hell or High Water,2016,1h 42m,15,7.6, (271K),David Mackenzie,"Dale Dickey, Ben Foster, Chris Pine",Action,"Toby is a divorced father who's trying to make a better life. His brother is an ex-con with a short temper and a loose trigger finger. Together, they plan a series of heists against the bank that's about to foreclose on their family ranch."
302,Hostiles,2017,2h 14m,15,7.2, (104K),Scott Cooper,"Scott Shepherd, Rosamund Pike, Ava Cooper",Action,"In 1892, a legendary Army Captain reluctantly agrees to escort a Cheyenne chief and his family through dangerous territory."
303,Ying hung ho hon,1987,1h 37m,18,6.4, (780),Taylor Wong,"Chow Yun-Fat, Andy Lau, Alex Man",Action,"After being released from prison, Tang Kat Yung exacts revenge on Li Ah Chai, in this sequel to Rich and Famous."
304,Goo wak chai 3: Jek sau je tin,1996,1h 38m,,6.6, (1.4K),Wai Keung Lau,"Ekin Cheng, Jordan Chan, Gigi Lai",Action,"Chan Ho Nam and Chicken are back again in Young and Dangerous 3, this time taking on the rival ""Tung Sing"" triad."
305,The Negotiator,1998,2h 20m,15,7.3, (164K),F. Gary Gray,"Samuel L. Jackson, Kevin Spacey, David Morse",Action,A police negotiator confronts a framed counterpart.
306,Run Lola Run,1998,1h 21m,15,7.6, (215K),Tom Tykwer,"Franka Potente, Moritz Bleibtreu, Herbert Knaup",Action,"After a botched money delivery, Lola has 20 minutes to come up with 100,000 Deutschmarks."
307,L.A. Confidential,1997,2h 18m,18,8.2, (649K),Curtis Hanson,"Kevin Spacey, Russell Crowe, Guy Pearce",Action,"As corruption grows in 1950s Los Angeles, three policemen - one strait-laced, one brutal, and one sleazy - investigate a series of murders with their own brand of justice."
308,The Hitcher,1986,1h 37m,18,7.2, (57K),Robert Harmon,"Rutger Hauer, C. Thomas Howell, Jennifer Jason Leigh",Action,A young man who escapes the clutches of a murderous hitchhiker is subsequently stalked by the hitcher and framed for his crimes.
309,Broken Arrow,1996,1h 48m,15,6.1, (109K),John Woo,"John Travolta, Christian Slater, Samantha Mathis",Action,Terrorists steal nuclear warheads from the U.S. military but don't count on a pilot and park ranger spoiling their plans.
310,오션스 일레븐,2001,1h 56m,12,7.7, (659K),Steven Soderbergh,"George Clooney, Cecelia Ann Birt, Paul L. Nolan",Action,"Danny Ocean, a gangster, rounds up a gang of associates to stage a sophisticated and elaborate casino heist which involves robbing three Las Vegas casinos simultaneously during a popular boxing event."
311,Now You See Me,2013,1h 55m,12,7.2, (751K),Louis Leterrier,"Jesse Eisenberg, Mark Ruffalo, Woody Harrelson",Action,"An FBI agent and an Interpol detective track a team of illusionists who pull off bank heists during their performances, and reward their audiences with the money."
312,The Boat,1981,2h 29m,15,8.4, (283K),Wolfgang Petersen,"Jürgen Prochnow, Herbert Grönemeyer, Klaus Wennemann",Action,A German U-boat stalks the frigid waters of the North Atlantic as its young crew experience the sheer terror and claustrophobic life of a submariner in World War II.
313,What Becomes of the Broken Hearted?,1999,1h 48m,,6.3, (3.9K),Ian Mune,"Temuera Morrison, Rena Owen, Clint Eruera",Action,"Jake Heke's oldest son is killed in a gang fight and the younger son wants revenge, but Jake doesn't want to lose his other son to violence as well."
314,유주얼 서스펙트,1995,1h 46m,18,8.5, (1.2M),Bryan Singer,"Stephen Baldwin, Gabriel Byrne, Benicio Del Toro",Action,The sole survivor of a pier shoot-out tells the story of how a notorious criminal influenced the events that began with five criminals meeting in a seemingly random police lineup.
315,펄프 픽션,1994,2h 34m,18,8.8, (2.4M),Quentin Tarantino,"Tim Roth, Amanda Plummer, Laura Lovelace",Action,"The lives of two mob hitmen, a boxer, a gangster and his wife, and a pair of diner bandits intertwine in four tales of violence and redemption."
316,Hombre,1967,1h 51m,Approved,7.4, (15K),Martin Ritt,"Paul Newman, Fredric March, Richard Boone",Action,"John Russell, disdained by his ""respectable"" fellow stagecoach passengers because he was raised by Apaches becomes their only hope for survival when they are set upon by outlaws."
317,Midnight Run,1988,2h 6m,15,7.5, (101K),Martin Brest,"Robert De Niro, Charles Grodin, Yaphet Kotto",Action,"A bounty hunter pursues a former Mafia accountant who is also being chased by a rival bounty hunter, the F.B.I., and his old mob boss after jumping bail."
318,Warning Sign,1985,1h 39m,R,6.1, (3.1K),Hal Barwood,"Sam Waterston, Kathleen Quinlan, Yaphet Kotto",Action,"A timid security guard, her ailing supervisor-mentor, her sheriff husband and an alcoholic former scientist team up to stop a viral outbreak in a rural biological weapons lab, while a government agent grapples with the political outcome."
319,Hard Times,1975,1h 33m,PG,7.2, (13K),Walter Hill,"Charles Bronson, James Coburn, Jill Ireland",Action,The saga of a drifter who turns to illicit bare-knuckle boxing in Depression-era New Orleans.
320,The Transporter,2002,1h 32m,15,6.8, (334K),Louis Leterrier,"Corey Yuen, Jason Statham, Shu Qi, François Berléand",Action,"Frank Martin, who ""transports"" packages for unknown clients, is asked to move a package that soon begins moving, and complications arise."
321,The Running Man,1987,1h 41m,15,6.6, (181K),Paul Michael Glaser,"Arnold Schwarzenegger, Maria Conchita Alonso, Yaphet Kotto",Action,"In a future dystopian America, a wrongfully accused and convicted policeman gets his shot at freedom when he's forced to participate in a TV game show where convicts called Runners must battle killers for their freedom."
322,Last Action Hero,1993,2h 10m,15,6.5, (172K),John McTiernan,"Arnold Schwarzenegger, F. Murray Abraham, Art Carney",Action,"With the help of a magic ticket, a young movie fan is transported into the fictional world of his favorite action movie character."
323,Raw Deal,1986,1h 46m,15,5.6, (40K),John Irvin,"Arnold Schwarzenegger, Kathryn Harrold, Sam Wanamaker",Action,A former FBI agent turned small-town sheriff agrees to help the FBI chief infiltrate the Chicago mafia when the FBI chief's son is killed by them.
324,End of Days,1999,2h 2m,18,5.8, (121K),Peter Hyams,"Arnold Schwarzenegger, Gabriel Byrne, Robin Tunney",Action,"At the end of the century, Satan visits New York in search of a bride. It's up to an ex-cop who now runs an elite security outfit to stop him."
325,Escape Plan,2013,1h 55m,18,6.7, (268K),Mikael Håfström,"Sylvester Stallone, Arnold Schwarzenegger, Jim Caviezel",Action,"When a structural-security authority finds himself set up and incarcerated in the world's most secret and secure prison, he has to use his skills to escape with help from the inside."
326,Non-Stop,2014,1h 46m,15,6.9, (284K),Jaume Collet-Serra,"Liam Neeson, Julianne Moore, Scoot McNairy",Action,"An air marshal springs into action during a transatlantic flight after receiving a series of text messages demanding $150 million into an off-shore account, or someone will die every 20 minutes."
327,Escape from New York,1981,1h 39m,15,7.1, (169K),John Carpenter,"Kurt Russell, Lee Van Cleef, Ernest Borgnine",Action,"In a dystopian 1997, a soldier-turned-bank robber is tasked with rescuing the U.S. President after he crashes into Manhattan, which has been turned into a giant maximum security prison."
328,Command Performance,2009,1h 33m,R,5.5, (3.6K),Dolph Lundgren,"Dolph Lundgren, Melissa Molinaro, Hristo Shopov",Action,"When the Russian Premier is taken hostage at a rock concert in Moscow, it's up to a drummer, an ex-biker, to save him."
329,Skin Trade,2014,1h 36m,18,5.6, (8.9K),Ekachai Uekrongtham,"Dolph Lundgren, Tony Jaa, Michael Jai White",Action,"After his family is killed by a Serbian gangster with international interests, NYC detective Nick goes to Southeast Asia and teams up with a Thai detective to get revenge and destroy the syndicate's human trafficking network."
330,The Specialist,1994,1h 50m,18,5.6, (73K),Luis Llosa,"Sylvester Stallone, Sharon Stone, James Woods",Action,A woman entices a bomb expert she's involved with into destroying the mafia that killed her family.
331,RED,2010,1h 51m,15,7.0, (335K),Robert Schwentke,"Bruce Willis, Mary-Louise Parker, Heidi von Palleske",Action,"When his peaceful life is threatened by a high-tech assassin, former black-ops agent Frank Moses reassembles his old team in a last-ditch effort to survive and uncover the assailants."
332,16 Blocks,2006,1h 42m,15,6.6, (137K),Richard Donner,"Bruce Willis, Yasiin Bey, David Morse",Action,"An aging alcoholic cop is assigned the task of escorting a witness from police custody to a courthouse 16 blocks away. There are, however, chaotic forces at work that prevent them from making it in one piece."
333,Deathstalker II,1987,1h 17m,R,5.2, (4.3K),Jim Wynorski,"John Terlesky, Monique Gabrielle, John Lazar",Action,"In this parody of the sword and sorcery films, a princess is deposed by an evil sorcerer. She enlists the aid of Deathstalker to battle the forces of evil, including a clone of the princess, and win back her kingdom."
334,로스트 엠파이어,1984,1h 23m,R,4.7, (2K),Jim Wynorski,"Melanie Vincz, Raven De La Croix, Angela Aames",Action,"Seeking revenge, officer Angel Wolfe, her Native American friend Whitestar, and outlaw Heather infiltrate a fortified island where an undead wizard and his evil cult force captured women to take part in gladiatorial tournaments."
335,Chopping Mall,1986,1h 17m,R,5.6, (19K),Jim Wynorski,"Kelli Maroney, Tony O'Dell, Russell Todd",Action,"A group of young shopping mall employees stay behind for a late night party in one of the stores. When the mall goes on lock-down before they can get out, the robot security system malfunctions, and goes on a killing spree."
336,Star Trek VI: The Undiscovered Country,1991,1h 50m,12,7.2, (84K),Nicholas Meyer,"William Shatner, Leonard Nimoy, DeForest Kelley",Action,"On the eve of retirement, Kirk and McCoy are charged with assassinating the Klingon High Chancellor and imprisoned. The Enterprise crew must help them escape to thwart a conspiracy aimed at sabotaging the last best hope for peace."
337,Warlock: The Armageddon,1993,1h 38m,R,5.4, (7.4K),Anthony Hickox,"Julian Sands, Chris Young, Paula Marshall",Action,An order of Druids train their children to battle an evil Warlock determined to unleash Satan upon the world by bringing a collection of five mystic rune stones together.
338,Night of the Living Dead,1990,1h 32m,18,6.8, (48K),Tom Savini,"Tony Todd, Patricia Tallman, Tom Towles",Action,"When the unburied dead return to life and seek human victims, seven refugees shelter in a house in the Pennsylvanian countryside."
339,The Return of the Living Dead,1985,1h 31m,R,7.3, (75K),Dan O'Bannon,"Clu Gulager, James Karen, Don Calfa",Action,"When two bumbling employees at a medical supply warehouse accidentally release a deadly gas into the air, the vapors cause the dead to rise again as zombies."
340,Return of the Living Dead III,1993,1h 37m,,5.9, (18K),Brian Yuzna,"J. Trevor Edmond, Melinda Clarke, Kent McCord",Action,"Having recently witnessed the horrific results of a top secret project to bring the dead back to life, a distraught youth performs the operation on his girlfriend after she's killed in a motorcycle accident."
341,Night of the Creeps,1986,1h 28m,18,6.7, (28K),Fred Dekker,"Jason Lively, Steve Marshall, Jill Whitlow",Action,"Alien brain parasites, entering humans through the mouth, turn their host into a killing zombie. Some teenagers start to fight against them."
342,The Mission,1986,2h 5m,12,7.4, (70K),Roland Joffé,"Robert De Niro, Jeremy Irons, Ray McAnally",Action,Eighteenth-century Spanish Jesuits try to protect a remote South American tribe in danger of falling under the rule of pro-slavery Portugal.
343,Taxi Driver,1976,1h 54m,15,8.2, (1M),Martin Scorsese,"Diahnne Abbott, Frank Adu, Victor Argo",Action,"A mentally unstable veteran works as a nighttime taxi driver in New York City, where the perceived decadence and sleaze fuels his urge for violent action."
344,The Deer Hunter,1978,3h 3m,18,8.1, (381K),Michael Cimino,"Robert De Niro, John Cazale, John Savage",Action,The lives of a group of friends are forever changed by the Vietnam War.
345,The Presidio,1988,1h 37m,15,6.0, (21K),Peter Hyams,"Sean Connery, Mark Harmon, Meg Ryan",Action,A San Francisco civilian police detective is forced to work on a series of murders with his former enemy commanding officer while dating his daughter.
346,A Bridge Too Far,1977,2h 55m,12,7.4, (66K),Richard Attenborough,"Siem Vroom, Marlies van Alcmaer, Erik van 't Wout",Action,"Operation Market Garden, September 1944: The Allies attempt to capture several strategically important bridges in the Netherlands in the hope of breaking the German lines."
347,Robin and Marian,1976,1h 46m,PG,6.5, (15K),Richard Lester,"Sean Connery, Audrey Hepburn, Robert Shaw",Action,"Robin Hood, aging none too gracefully, returns exhausted from the Crusades to woo and win Maid Marian one last time."
348,War,2007,1h 43m,18,6.2, (100K),Philip G. Atwell,"Jet Li, Jason Statham, John Lone",Action,"An FBI Agent seeks vengeance on a mysterious assassin known as ""Rogue"" who murdered his partner."
349,A Wednesday,2008,1h 44m,Not Rated,8.1, (85K),Neeraj Pandey,"Anupam Kher, Naseeruddin Shah, Virendra Saxena",Action,A retiring police officer reminisces about the most astounding day of his career and a case that was never filed but continues to haunt his memories: the case of a man and a Wednesday.
350,Dog Day Afternoon,1975,2h 5m,15,8.0, (286K),Sidney Lumet,"Penelope Allen, Sully Boyar, John Cazale",Action,"Three amateur robbers plan to hold up a Brooklyn bank. A nice, simple robbery: Walk in, take the money, and run. Unfortunately, the supposedly uncomplicated heist suddenly becomes a bizarre nightmare as everything that could go wrong does."
351,Strange Days,1995,2h 25m,18,7.2, (83K),Kathryn Bigelow,"Ralph Fiennes, Angela Bassett, Juliette Lewis",Action,A black-marketeer tries to save a woman in 1999 Los Angeles.
352,Narc,2002,1h 45m,15,7.1, (45K),Joe Carnahan,"Dan Leis, Jason Patric, Lloyd Adams",Action,"When the trail goes cold on a murder investigation of a policeman, an undercover narcotics officer is lured back to the force to help solve the case."
353,Heat,1986,1h 41m,R,5.7, (2.8K),Dick Richards,"Jerry Jameson, Burt Reynolds, Karen Young, Peter MacNicol",Action,"Las Vegas is the backdrop for all the torrid action of heat, as Burt Reynolds plays the soft-hearted bodyguard who's out to protect his friends."
354,Passage to Marseille,1944,1h 49m,Approved,6.8, (5.4K),Michael Curtiz,"Humphrey Bogart, Claude Rains, Michèle Morgan",Action,Five patriotic convicts are helped to escape imprisonment in Devil's Island so they can fight for occupied Free French forces against the Nazis.
355,Willow,1988,2h 6m,All,7.2, (137K),Ron Howard,"Val Kilmer, Joanne Whalley, Warwick Davis",Action,"A young dwarf farmer is chosen to undertake a perilous journey in order to protect a special baby from an evil queen. Along the way, he teams up with a disgraced swordsman to defeat the evil sorceress."
356,Tsubaki Sanjûrô,1962,1h 36m,Not Rated,8.0, (44K),Akira Kurosawa,"Toshirô Mifune, Tatsuya Nakadai, Keiju Kobayashi",Action,"A crafty samurai helps a young man and his fellow clansmen trying to save his uncle, who has been framed and imprisoned by a corrupt superintendent."
357,Last Knights,2015,1h 55m,15,6.2, (47K),Kazuaki Kiriya,"Clive Owen, Morgan Freeman, Cliff Curtis",Action,A fallen warrior rises against a corrupt and sadistic ruler to avenge his dishonored master.
358,The Three Musketeers,1993,1h 45m,12,6.4, (63K),Stephen Herek,"Charlie Sheen, Kiefer Sutherland, Chris O'Donnell",Action,"France, 1625. Young d'Artagnan heads to Paris to join the Musketeers, but the evil cardinal has disbanded them. d'Artagnan meets Athos, Porthos, and Aramis, three rogue musketeers, and joins them on their quest to save the king and country."
359,The Count of Monte Cristo,2002,2h 11m,12,7.7, (157K),Kevin Reynolds,"Christopher Adamson, JB Blanc, Guy Carleton",Action,"A young man, falsely imprisoned by his jealous ""friend"", escapes and uses a hidden treasure to exact his revenge."
360,Star Wars,1977,2h 1m,All,8.6, (1.5M),George Lucas,"Mark Hamill, Harrison Ford, Carrie Fisher",Action,"Luke Skywalker joins forces with a Jedi Knight, a cocky pilot, a Wookiee and two droids to save the galaxy from the Empire's world-destroying battle station, while also attempting to rescue Princess Leia from the mysterious Darth Vader."
361,Star Wars: Episode VI - Return of the Jedi,1983,2h 11m,All,8.3, (1.2M),Richard Marquand,"Mark Hamill, Harrison Ford, Carrie Fisher",Action,"After rescuing Han Solo from Jabba the Hutt, the Rebel Alliance attempts to destroy the second Death Star while Luke struggles to help Darth Vader back from the dark side."
362,Star Wars: Episode I - The Phantom Menace,1999,2h 16m,All,6.5, (908K),George Lucas,"Liam Neeson, Ewan McGregor, Natalie Portman",Action,"Two Jedi escape a hostile blockade to find allies and come across a young boy who may bring balance to the Force, but the long-dormant Sith resurface to claim their former glory."
363,로그 원: 스타워즈 스토리,2016,2h 13m,12,7.8, (739K),Gareth Edwards,"Felicity Jones, Diego Luna, Alan Tudyk",Action,"In a time of conflict, a group of unlikely heroes band together on a mission to steal the plans to the Death Star, the Empire's ultimate weapon of destruction."
364,Kingsman: Secret Agent,2014,2h 9m,19,7.7, (764K),Matthew Vaughn,"Adrian Quinton, Colin Firth, Mark Strong",Action,"A spy organisation recruits a promising street kid into the agency's training program, while a global threat emerges from a twisted tech genius."
365,24: Redemption,2008,1h 24m,18,7.4, (30K),Jon Cassar,"Kiefer Sutherland, Cherry Jones, Bob Gunton",Action,"Jack Bauer confronts African general/aspiring dictator Benjamin Juma, whose forces have been ordered to capture the children Bauer oversees for malicious military training."
366,The Sweeper,1996,1h 30m,18,5.1, (686),Joseph Merhi,"C. Thomas Howell, Jeff Fahey, Ed Lauter",Action,"Mark Goddard, a Los Angeles cop with a penchant for violence, is recruited by a secret police society who deliver justice outside of the law."
367,Rage,1995,1h 34m,15,5.6, (871),Joseph Merhi,"Gary Daniels, Kenneth Tigar, Fiona Hutchison",Action,A radical militia group chooses a California teacher as the prime specimen to clone for its army.
368,Recoil,1998,1h 36m,R,5.3, (787),Art Camacho,"Gary Daniels, Gregory McKinney, Thomas Kopache",Action,A mafia Godfather exacts revenge on the policeman responsible for his son's death during a bank robbery. The officer then unleashes his fury in retaliation for the death of his family.
369,Riot,1996,1h 34m,R,5.4, (615),Joseph Merhi,"Gary Daniels, Sugar Ray Leonard, Paige Rowland",Action,An heiress is kidnapped during the chaos of a riot.
370,White Tiger,1996,1h 33m,R,5.1, (773),Richard Martin,"Mig Macario, Kelly Benson, Frank Cassini",Action,"After a Chinese drug lord murders his partner, a tough DEA agent teams up with a mysterious beauty and makes an uneasy alliance to exact revenge."
371,Drive,1997,1h 40m,18,6.6, (7.4K),Steve Wang,"Mark Dacascos, Kadeem Hardison, John Pyper-Ferguson",Action,"A bionic gunslinger and a tired bystander join forces while fleeing deadly hitmen, causing mayhem on the road."
372,Babylon 5: A Call to Arms,1999,1h 34m,TV-PG,7.1, (6.1K),Michael Vejar,"Bruce Boxleitner, Jerry Doyle, Jeff Conaway",Action,"The Drakh, allies of the Shadows, seek revenge against humanity after the Second Shadow War."
373,Don't Kill It,2016,1h 23m,18,5.2, (5.3K),Mike Mendez,"Dolph Lundgren, Kristina Klebe, Tony Bentley",Action,An ancient demon terrorizes a tiny Mississippi town.
374,The Defender,2004,1h 31m,R,4.8, (1.9K),Dolph Lundgren,"Dolph Lundgren, Jerry Springer, Shakara Ledard",Action,"Lance and his team are bodyguards for NSA's head, who is sent by the President to a secret meeting in an empty hotel outside Bucharest. During the meeting, the hotel is attacked. By whom? And why?"
375,다이렉트 액션,2004,1h 37m,R,5.0, (1.8K),Sidney J. Furie,"Dolph Lundgren, Polly Shannon, Donald Burda",Action,"Frank Gannon, a veteran cop, is being hunted by his fellow police officers after they learned he has betrayed the brotherhood and exposed to the feds wide scale corruption of the LAPD. He has one day left to prove his case and survive."
376,Hidden Agenda,2001,1h 35m,15,4.5, (1.4K),Marc S. Grenier,"Dolph Lundgren, Maxim Roy, Brigitte Paquette",Action,"When the FBI can't protect a witness, it's up to ex-agent Price and his own protection program to take them under."
377,The Peacekeeper,1997,1h 38m,15,5.0, (3K),Frédéric Forestier,"Dolph Lundgren, Michael Sarrazin, Montel Williams",Action,"When a terrorist group steals the US President's personal communications computer for launching the US arsenal in case of war, only a heroic Major has the key to prevent a Presidential assassination or a nuclear holocaust."
378,Executive Target,1997,1h 40m,15,4.6, (1.2K),Joseph Merhi,"Michael Madsen, Roy Scheider, Keith David",Action,"A stunt driver heading for prison on a minor charge is freed against his will by a terrorist gang. Then by kidnapping his wife, he is forced to drive a getaway car in a plot to kidnap the President from a motorcade."
379,Last Man Standing,1995,1h 36m,R,5.6, (627),Joseph Merhi,"Jeff Wincott, Jillian McWhirter, Jonathan Fuller",Action,"A Los Angeles police officer uncovers a ring of corrupt cops while investigating his partner's death. Now, he and his wife are hunted by both sides of the law."
380,Open Fire,1994,1h 35m,R,5.0, (312),Kurt Anderson,"Jeff Wincott, Mimi Craven, Patrick Kilpatrick",Action,"As a group of mercenaries hold an entire city in the grip of terror, a force of one unleashes an all-out assault to stop them."
381,Wake of Death,2004,1h 31m,15,5.5, (11K),Philippe Martinez,"Jean-Claude Van Damme, Simon Yam, Philip Tan",Action,"After his wife is brutally murdered, club enforcer Ben Archer wages war against the Chinese triads."
382,Chain of Command,2000,1h 36m,R,4.6, (978),John Terlesky,"Roy Scheider, Patrick Muldoon, Maria Conchita Alonso",Action,Secret Service agents must retrieve the briefcase allowing the President control of America's nuclear arsenal before massive destruction ensues.
383,Evasive Action,1998,1h 31m,R,4.6, (601),Jerry P. Jacobs,"Dorian Harewood, Ray Wise, Roy Scheider",Action,"Five prisoners on train to prison. Brakes fail, train speeds to LA. One prisoner uncouples cars to save passengers, others hunt him to stop escape."
384,Near Dark,1987,1h 34m,18,6.9, (49K),Kathryn Bigelow,"Adrian Pasdar, Jenny Wright, Lance Henriksen",Action,A small-town farmer's son reluctantly joins a traveling group of vampires after he is bitten by a beautiful drifter.
385,Wedlock,1991,1h 41m,18,5.9, (9.7K),Lewis Teague,"Rutger Hauer, Mimi Rogers, Joan Chen",Action,A male prison escapee heads for his hidden loot electronically attached to a female prisoner.
386,Wanted: Dead or Alive,1986,1h 46m,18,5.9, (6.7K),Gary Sherman,"Rutger Hauer, Gene Simmons, Robert Guillaume",Action,"A bounty hunter is offered $250,000 by CIA to get the terrorist behind an LA movie theater bombing. He quit CIA because he couldn't trust them. Can they be trusted now? Can he stop the terrorists?"
387,The Big Fall,1997,1h 30m,R,4.4, (204),C. Thomas Howell,"C. Thomas Howell, Sophie Ward, Jeff Kober",Action,"L.A. private detective is hired to investigate the disappearance of an alluring woman's brother. Surrounded by double-crossing deals and dangerous relation, Rybeck will have to plunge headfirst into his deadliest case ever."
388,Direct Hit,1994,1h 29m,R,4.4, (342),Joseph Merhi,"Paul G. Volk, William Forsythe, Jo Champa, Richard Norton",Action,"Assigned to eliminate a woman accused of blackmailing a senator, a C.I.A. assassin discovers that his target is merely a pawn in a much bigger game and that he must now protect her at all costs."
389,A History of Violence,2005,1h 36m,18,7.4, (268K),David Cronenberg,"Viggo Mortensen, Maria Bello, Ed Harris",Action,"A mild-mannered man becomes a local hero through an act of violence, which sets off repercussions that will shake his family to its very core."
390,Let's Get Harry,1986,1h 42m,R,5.2, (1.7K),Stuart Rosenberg,"Alan Smithee, Fidel Abrego, Jere Burns, Gary Busey",Action,"When Colombian revolutionaries kidnap an American engineer, his brother and friends, faced with official inaction, hire a mercenary and mount the rescue operation themselves."
391,Boss Level,2020,1h 40m,15,6.8, (87K),Joe Carnahan,"Frank Grillo, Mel Gibson, Naomi Watts",Action,"Trapped in a time loop that constantly repeats the day of his murder, a former special forces agent must unlock the mystery behind his untimely demise."
392,Heist,2015,1h 33m,15,6.1, (34K),Scott Mann,"Robert De Niro, Jeffrey Dean Morgan, Dave Bautista",Action,"A father is without the means to pay for his daughter's medical treatment. As a last resort, he partners with a greedy co-worker to rob a casino. When things go awry they're forced to hijack a city bus."
393,Maniac Cop,1988,1h 25m,R,6.0, (23K),William Lustig,"Tom Atkins, Bruce Campbell, Laurene Landon",Action,A killer dressed in a police uniform begins murdering innocent people on the streets of New York City.
394,The Hunt,2020,1h 30m,19,6.6, (149K),Craig Zobel,"Betty Gilpin, Hilary Swank, Ike Barinholtz",Action,"Twelve strangers wake up in a clearing. They don't know where they are, or how they got there. They don't know they've been chosen - for a very specific purpose - The Hunt."
395,Ready or Not,2019,1h 35m,18,6.8, (224K),Matt Bettinelli-Olpin,"Tyler Gillett, Samara Weaving, Adam Brody, Mark O'Brien",Action,A bride's wedding night takes a sinister turn when her eccentric new in-laws force her to take part in a terrifying game.
396,The Commuter,2018,1h 44m,15,6.3, (132K),Jaume Collet-Serra,"Liam Neeson, Vera Farmiga, Patrick Wilson",Action,An insurance salesman/ex-cop is caught up in a life-threatening conspiracy during his daily commute home.
397,Taken 2,2012,1h 32m,18,6.2, (334K),Olivier Megaton,"Liam Neeson, Maggie Grace, Famke Janssen",Action,"In Istanbul, retired CIA operative Bryan Mills and his wife are taken hostage by the father of a kidnapper Mills killed while rescuing his daughter."
398,Congo,1995,1h 49m,12,5.3, (51K),Frank Marshall,"Laura Linney, Dylan Walsh, Ernie Hudson",Action,"When an expedition to the African Congo ends in disaster, a new team is assembled to find out what went wrong."
399,Gremlins 2: The New Batch,1990,1h 46m,All,6.5, (118K),Joe Dante,"Howie Mandel, Tony Randall, Zach Galligan",Action,"The Gremlins are back, and this time, they've taken control of a New York City media mogul's high-tech skyscraper."
400,테넷,2020,2h 30m,15,7.3, (646K),Christopher Nolan,"Juhan Ulfsak, Jefferson Hall, Ivo Uukkivi",Action,"Armed with only the word ""Tenet,"" and fighting for the survival of the entire world, CIA operative, The Protagonist, journeys through a twilight world of international espionage on a global mission that unfolds beyond real time."
401,인셉션,2010,2h 28m,12,8.8, (2.7M),Christopher Nolan,"Leonardo DiCaprio, Joseph Gordon-Levitt, Elliot Page",Action,"A thief who steals corporate secrets through the use of dream-sharing technology is given the inverse task of planting an idea into the mind of a C.E.O., but his tragic past may doom the project and his team to disaster."
402,Get Carter,1971,1h 52m,18,7.3, (39K),Mike Hodges,"Michael Caine, Ian Hendry, Britt Ekland",Action,"When his brother dies under mysterious circumstances in a car accident, London gangster Jack Carter travels to Newcastle to investigate."
403,미션 임파서블: 로그네이션,2015,2h 11m,15,7.4, (439K),Christopher McQuarrie,"Tom Cruise, Jeremy Renner, Simon Pegg",Action,Ethan and his team take on their most impossible mission yet when they have to eradicate an international rogue organization as highly skilled as they are and committed to destroying the IMF.
404,Icarus,2010,1h 28m,18,5.1, (4.5K),Dolph Lundgren,"Dolph Lundgren, Stefanie von Pfetten, Samantha Ferris",Action,A Soviet-trained assassin is determined to escape his double life as a hitman and as a husband-father.
405,Diamond Dogs,2007,1h 34m,R,4.1, (2K),Shimon Dotan,"Dolph Lundgren, Dolph Lundgren, Yu Nan, Xue Zuren",Action,"A mercenary is hired to protect an expedition group while they search for a Tangka, a Buddhist artifact worth millions of dollars."
406,Direct Contact,2009,1h 30m,R,4.2, (3.2K),Danny Lerner,"Dolph Lundgren, Gina May, Michael Paré",Action,An American prisoner in a Balkan prison is given a chance at freedom if he can rescue a kidnapped American woman.
407,Bridge of Dragons,1999,1h 32m,15,4.7, (3.1K),Isaac Florentine,"Dolph Lundgren, Cary-Hiroyuki Tagawa, Valerie Chow",Action,"The tough and cold mercenary Warchild, is working for the man who took care of his war training and upbringing, the greedy General Ruechang. Ruechang is planning to take over the country by marrying Princess Halo. But Halo discovers that Ruechang killed her father to gain more power than he had working for the King, so she decides to run away. Warchild is the one who has to bring her back to Ruechang, but the one thing no one counted on happens... Warchild and Halo falls in love, and together they take on the forces of Ruechang..."
408,The Sum of All Fears,2002,2h 4m,12,6.5, (132K),Phil Alden Robinson,"Ben Affleck, Morgan Freeman, Ian Mongrain",Action,"CIA analyst Jack Ryan must stop the plans of a Neo-Nazi faction that threatens to incite a catastrophic conflict between the United States and Russia by detonating a nuclear weapon at a football game in Baltimore, Maryland."
409,Sniper 2,2002,1h 31m,12,5.2, (6.9K),Craig R. Baxley,"Tom Berenger, Bokeem Woodbine, Erika Marozsán",Action,"Sgt. Beckett's last mission sends him to a remote war-torn wasteland between Eastern Europe and Asia to assassinate a repressive terrorist leader. Once the job is done, Beckett and his spotter find escaping more difficult than anticipated."
410,Sniper 3,2004,1h 30m,15,5.2, (4.8K),P.J. Pesce,"Tom Berenger, Byron Mann, John Doman",Action,Deadly sniper Tom Beckett is recruited by the CIA to go to Ho Chi Minh City and take out a ruthless drug dealer who turns out to be an old war buddy he thought was dead.
411,Sniper: Assassin's End,2020,1h 35m,15,5.4, (5.6K),Kaare Andrews,"Chad Michael Collins, Sayaka Akimoto, Tom Berenger",Action,"Legendary sniper Thomas Beckett and his son, Special Ops Sniper Brandon Beckett, are on the run from the CIA, Russian Mercenaries, and a Yakuza-trained assassin with sniper skills that rival both legendary sharp shooters."
412,S.W.A.T.,2003,1h 57m,15,6.1, (158K),Clark Johnson,"Samuel L. Jackson, Colin Farrell, Michelle Rodriguez",Action,"An imprisoned drug kingpin offers a huge cash reward to anyone that can break him out of police custody, and only the L.A.P.D.'s Special Weapons and Tactics team can prevent it."
413,The Sentinel,2006,1h 48m,15,6.1, (57K),Clark Johnson,"Michael Douglas, Kiefer Sutherland, Eva Longoria",Action,A fugitive Secret Service agent must clear himself of murdering a colleague.
414,10 to Midnight,1983,1h 41m,R,6.3, (10K),J. Lee Thompson,"Charles Bronson, Lisa Eilbacher, Andrew Stevens",Action,An LAPD detective and his rookie partner are on the trail of a psychopathic young man who is murdering young women.
415,Triumph of the Spirit,1989,2h,15,6.8, (3K),Robert M. Young,"Willem Dafoe, Edward James Olmos, Robert Loggia",Action,"In Greece during World War II, a young Jewish boxer, his girlfriend, and their families are sent to Auschwitz. When the camp guards learn of his boxing abilities, they force him to participate in weekly boxing matches."
416,Farewell to the King,1989,1h 57m,PG-13,6.2, (3.3K),John Milius,"Nick Nolte, Nigel Havers, Frank McRae",Action,"Borneo, 1942: An American soldier escapes WWII and becomes the king of the headhunters in the jungle. Two British soldiers are parachuted into the area to find local support for the battle against the Japanese."
417,Extreme Prejudice,1987,1h 45m,18,6.7, (9.6K),Walter Hill,"Nick Nolte, Powers Boothe, Michael Ironside",Action,"A Texas Ranger and a ruthless narcotics kingpin - they were childhood friends, now they are adversaries."
418,Southern Comfort,1981,1h 46m,R,7.1, (24K),Walter Hill,"Keith Carradine, Powers Boothe, Fred Ward",Action,"During a routine exercise, a team of National Guardsmen are threatened by angry and violent locals."
419,The Long Riders,1980,1h 40m,15,6.9, (14K),Walter Hill,"David Carradine, Keith Carradine, Robert Carradine",Action,"The origins, exploits and the ultimate fate of the Jesse James gang is told in a sympathetic portrayal of the bank robbers made up of brothers who begin their legendary bank raids because of revenge."
420,Killer Elite,2011,1h 56m,18,6.4, (140K),Gary McKendry,"Jason Statham, Clive Owen, Robert De Niro",Action,"When his mentor is taken captive by a disgraceful Arab sheik, a killer-for-hire is forced into action. His mission: kill three members of Britain's elite Special Air Service responsible for the death of his sons."
421,The November Man,2014,1h 48m,15,6.3, (73K),Roger Donaldson,"Pierce Brosnan, Luke Bracey, Olga Kurylenko",Action,An ex-C.I.A. operative is brought back in on a very personal mission and finds himself pitted against his former pupil in a deadly game involving high-level C.I.A. officials and the Russian President-elect.
422,Undisputed,2002,1h 36m,15,6.1, (36K),Walter Hill,"Wesley Snipes, Ving Rhames, Peter Falk",Action,"When heavyweight champion George ""Iceman"" Chambers lands in prison, the resident gangster arranges a boxing match with the reigning prison champ."
423,Undisputed II: Last Man Standing,2006,1h 38m,15,7.0, (41K),Isaac Florentine,"Michael Jai White, Scott Adkins, Ben Cross",Action,"Sequel to the 2002 film. This time, Heavyweight Champ George ""Iceman"" Chambers is sent to a Russian Jail on trumped-up drug charges."
424,Undisputed III: Redemption,2010,1h 36m,15,7.3, (47K),Isaac Florentine,"Scott Adkins, Mykel Shannon Jenkins, Mark Ivanir",Action,Boyka is back. This time he is fighting in the first ever inter-prison tournament with one knee.
425,Boyka: Undisputed IV,2016,1h 26m,18,6.9, (34K),Todor Chapkanov,"Scott Adkins, Teodora Duhovnikova, Alon Aboutboul",Action,"In the fourth installment of the fighting franchise, Boyka is shooting for the big leagues when an accidental death in the ring makes him question everything he stands for."
426,Blood and Bone,2009,1h 33m,18,6.7, (37K),Ben Ramsey,"Michael Jai White, Julian Sands, Eamonn Walker",Action,"In Los Angeles, an ex-con takes the underground fighting world by storm in his quest to fulfill a promise to a dead friend."
427,Mulholland Falls,1996,1h 47m,18,6.3, (21K),Lee Tamahori,"Nick Nolte, Melanie Griffith, Chazz Palminteri",Action,"In 1950's Los Angeles, a special crime squad of the LAPD investigates the murder of a young woman."
428,The Godfather Part II,1974,3h 22m,19,9.0, (1.5M),Francis Ford Coppola,"Al Pacino, Robert Duvall, Diane Keaton",Action,"The early life and career of Vito Corleone in 1920s New York City is portrayed, while his son, Michael, expands and tightens his grip on the family crime syndicate."
429,Proof of Life,2000,2h 15m,12,6.3, (60K),Taylor Hackford,"Meg Ryan, Russell Crowe, David Morse",Action,"Alice hires a professional negotiator to obtain the release of her engineer husband, who has been kidnapped by anti-government guerrillas in South America."
430,The Devil's Own,1997,1h 51m,15,6.2, (76K),Alan J. Pakula,"Harrison Ford, Brad Pitt, Margaret Colin",Action,"A police officer uncovers the real identity of his house-guest, an I.R.A. terrorist in hiding."
431,The Expert,1995,1h 32m,R,4.7, (827),Rick Avery,"William Lustig, Jeff Speakman, James Brolin, Michael Shaner",Action,"After his sister's murder by a killer who avoids execution, Johnny, an ex-special forces trainer, infiltrates the mental facility where the murderer now gives talks and mingles with inmates, seeking personal vengeance."
432,Plato's Run,1997,1h 36m,15,4.4, (571),James Becket,"Gary Busey, Roy Scheider, Steven Bauer",Action,"Hired to rescue escaped inmates, a Florida man is framed for a Cuban gangster's assassination."
433,Running Red,1999,1h 32m,R,4.9, (514),Jerry P. Jacobs,"Jeff Speakman, Angie Everhart, Stanley Kamel",Action,"Upset over his brother's murder, Soviet special agent Gregori Wallace leaves Russia to start a new life in the United States. Now happily married to a beautiful woman and the father of a little girl, Gregori soon realizes that he can't outrun the past."
434,Deadly Outbreak,1995,1h 28m,18,4.8, (653),Rick Avery,"Jeff Speakman, Ron Silver, Rochelle Swanson",Action,A terrorist group lead by Colonel Baron has taken over an Israeli biochemical weapon laboratory. Colonel Baron wants to get his hands on a new secret weapon developed by Dr. Allie Levin. Dutton Hatfield from the U.S. embassy must help Dr. Levin keep her invention away from the bad guys.
435,Street Knight,1993,1h 31m,15,5.3, (985),Albert Magnoli,"Jeff Speakman, Christopher Neame, Lewis Van Bergen",Action,A former cop returns to challenge a plot to escalate gang violence in the streets of Los Angeles.
436,매트릭스: 리저렉션,2021,2h 28m,15,5.6, (298K),Lana Wachowski,"Keanu Reeves, Carrie-Anne Moss, Yahya Abdul-Mateen II",Action,"Return to a world of two realities: one, everyday life; the other, what lies behind it. To find out if his reality is a construct, to truly know himself, Mr. Anderson will have to choose to follow the white rabbit once more."
437,13시간,2016,2h 24m,15,7.3, (175K),Michael Bay,"John Krasinski, James Badge Dale, Pablo Schreiber",Action,"During an attack on a U.S. compound in Libya, a security team struggles to make sense out of the chaos."
438,Fury,2014,2h 14m,15,7.6, (592K),David Ayer,"Brad Pitt, Shia LaBeouf, Logan Lerman",Action,"A grizzled tank commander makes tough decisions as he and his crew fight their way across Germany in April, 1945."
439,Captain Phillips,2013,2h 14m,15,7.8, (513K),Paul Greengrass,"Tom Hanks, Catherine Keener, Barkhad Abdi",Action,"The true story of Captain Richard Phillips and the 2009 hijacking by Somali pirates of the U.S.-flagged MV Maersk Alabama, the first American cargo ship to be hijacked in two hundred years."
440,Strategic Command,1997,1h 30m,R,4.3, (1K),Rick Jacobson,"Michael Dudikoff, Paul Winfield, Richard Norton",Action,"Rick Harding is a former Marines officer, now working in the FBI as a chemical weapons designer. While packing up for the night, a group of armed soldiers led by wanted criminal Carlos Gruber, break into the FBI research lab."
441,Black Thunder,1998,1h 32m,R,3.7, (720),Rick Jacobson,"Michael Dudikoff, Richard Norton, Michael Cavanaugh",Action,"A top secret stealth fighter is stolen. Only Navy Test Pilot Vince Connors can recover the plane and bring it back in one piece. Battling terrorists, and flying with deadly nerve gas, he has to evade his mentor, now the enemy's top pilot."
442,Crash Dive,1996,1h 30m,15,4.4, (1K),Andrew Stevens,"Michael Dudikoff, Frederic Forrest, Reiner Schöne",Action,"Nuclear submarine USS Ulysses rescues supposed victims of a boat disaster, who turn out to be terrorists intent on capturing nuclear weapons aboard the sub. Only a former SEAL can save the day by sliding aboard while the sub is underwater."
443,American Ninja,1985,1h 35m,18,5.5, (18K),Sam Firstenberg,"Michael Dudikoff, Steve James, Judie Aronson",Action,"American soldier, obviously very skilled in martial arts, single-handedly takes on mercenaries in the Philippines."
444,Cyberjack,1995,1h 39m,R,4.2, (717),Robert Lee,"Michael Dudikoff, Suki Kaiser, Brion James",Action,Michael Dudikoff stars as an ex-cop who must confront his old enemies when a software company is taken over by cyber terrorists in search of a world-dominating computer virus.
445,Freedom Strike,1998,1h 33m,15,3.7, (506),Jerry P. Jacobs,"Michael Dudikoff, Tone Loc, Felicity Waterman",Action,"When a peace treaty between America and Syria is thwarted, the renegade head of the Syrian army retaliates in a major way. He steals a nuclear weapon that only the Freedom Strike team can stop! Cue an action-packed race against time to save the world."
446,Armstrong,1998,1h 39m,R,3.8, (530),Menahem Golan,"Kimberley Kates, Frank Zagarino, Charles Napier",Action,"Former Navy SEAL ""Rod Armstrong"" (Frank Zagarino) is now a freelance military trainer living in Moscow, Russia, who is unexpectedly visited by the man (Charles Napier) who trained him as a SEAL. ""Bob"" (Napier) is accompanied to Moscow by his wife (Kimberly Kates), whom he also trained as a SEAL, for a vacation. However, ""Bob"" is there to recruit ""Armstrong"" to help in with a Special Ops mission from the President himself. ""Bob"" has brought a video tape with him which shows a Russian military base housing missiles with nuclear warheads that are being purchased on the Black Market. However, when ""Bob"" gets murdered, it's up to ""Armstrong"", ""Susan"" and a Russian soldier to bring those responsible to justice."
447,Doomsdayer,2000,1h 33m,15,3.5, (355),Michael J. Sarna,"Joe Lara, Udo Kier, January Isaac Bodlovic",Action,"A diabolical industrialist who thinks the world is dangerously overpopulated, prepares to use his space-based weapon to cause widespread nuclear meltdowns at power plants around the world."
448,Operation Delta Force,1997,1h 33m,15,3.8, (1.1K),Sam Firstenberg,"Ernie Hudson, Jeff Fahey, Rob Stewart",Action,A team of military experts and scientists go after a terrorist group that has seized a deadly virus and is threatening to release it.
449,Warhead,1996,1h 36m,R,4.2, (293),Mark Roper,"Frank Zagarino, Joe Lara, Elizabeth Giordano",Action,"After seizing an American nuclear missile silo, a terrorist group demands $1 billion and the president's resignation - or they will destroy Washington, D. C."
450,Evil Dead II,1987,1h 24m,18,7.7, (193K),Sam Raimi,"Bruce Campbell, Sarah Berry, Dan Hicks",Action,"Ash Williams, the lone survivor of an earlier onslaught of flesh-possessing spirits, holes up in a cabin with a group of strangers while the demons continue their attack."
451,Phantasm III: Lord of the Dead,1994,1h 31m,R,6.0, (11K),Don Coscarelli,"Reggie Bannister, A. Michael Baldwin, Bill Thornbury",Action,"Mike and Reggie continue to hunt the mysterious Tall Man, discovering along the way that the invasion has already begun."
452,Phantasm IV: Oblivion,1998,1h 30m,R,5.5, (8.9K),Don Coscarelli,"A. Michael Baldwin, Reggie Bannister, Bill Thornbury",Action,Mike travels through time and dimensions to find the Tall Man's origins.
453,Phantasm: Ravager,2016,1h 25m,Not Rated,4.9, (5.6K),David Hartman,"A. Michael Baldwin, Reggie Bannister, Dawn Cody",Action,The final installment of the long-running Phantasm series.
454,Deadbeat at Dawn,1988,1h 20m,Not Rated,6.4, (3K),Jim Van Bebber,"Paul Harper, Jim Van Bebber, Megan Murphy",Action,"One last job separates the leader of the Ravens gang from an early retirement. When he finds his girlfriend beaten to death by members of a rival gang, he seeks revenge, knowing that he may be dead by dawn. Will more blood bring her back?"
455,Back in Action,1994,1h 33m,18,5.4, (902),Steve DiMarco,"Paul Ziller, Billy Blanks, Roddy Piper, Bobbie Phillips",Action,"Former U.S. Green Beret's sister dates a mobster, endangering her life. Her brother fights to save her from her boyfriend and his friends, with or without help from tough cop Rossi."
456,Tough and Deadly,1995,1h 32m,R,5.8, (679),Steve Cohen,"Billy Blanks, Roddy Piper, Richard Norton",Action,"Elmo Freech is a private investigator who is contacted by CIA agent John Portland, who suffers from amnesia, to reveal a dubious case of drug smuggling involving big fish from Washington, D.C. and the CIA."
457,Jungleground,1994,1h 30m,15,5.3, (572),Don Allan,"Roddy Piper, Torri Higginson, Peter Williams",Action,"Roddy Piper plays an undercover cop whose operation fails, leading to his capture by a drug lord. Given a night to escape while being hunted, the stakes rise as his fiance is taken hostage."
458,Immortal Combat,1994,1h 49m,R,4.9, (496),Dan Neira,"Shin'ichi Chiba, Roddy Piper, Meg Foster",Action,Rowdy Roddy Piper and Sonny Chiba battle an army of immortal ninja warriors.
459,Gedo,2000,1h 34m,R,4.6, (300),Talun Hsu,"Gary Daniels, Kiyoshi Nakajoe, Eric Lutes",Action,East meets West as the Japanese Yakuza battle drug lords and the LAPD on the streets of Los Angeles.
460,Black Friday,2001,1h 35m,R,3.1, (243),Darren Doane,"Gary Daniels, Christopher Stapleton, Ryan Kos",Action,Dean Campbell is a high-powered attorney who returns home from work to find his family being held hostage by terrorists.
461,Forced to Fight,2011,1h 41m,18,4.4, (856),Jonas Quastel,"Peter Weller, Gary Daniels, Arkie Reece",Action,"Blackmailed back into the arena by a ruthless crime boss, a former underground fighting legend must survive a gauntlet of savage matches where losing just one fight... means losing it all."
462,Virtual Combat,1995,1h 27m,R,4.0, (858),Andrew Stevens,"Don Wilson, Michael Bernardo, Ken McLeod",Action,Scientist brings virtual reality characters to life. Two are women from the cybersex game site. The third is a warrior who wants to unleash the rest of the bad guys from the virtual reality underworld. A border cop must defeat the virtual reality warrior while learning to relate to one of the cybersex babes.
463,Race Against Time,2000,1h 30m,TV-14,5.2, (599),Geoff Murphy,"Eric Roberts, Cary Elwes, Sarah Wynter",Action,"When a man faces surmounting bills for his dying son's hospital stay, he enters into an agreement to sell his body for organ transplants to pay the bills. However, when he is advised that the doctors want to claim his organs immediately, he goes on the run."
464,Fists of Iron,1995,1h 34m,R,4.7, (379),Richard W. Munchkin,"Michael Worth, Jenilee Harrison, Sam J. Jones",Action,"A skillful fighter who works as a mechanic goes with his friend to a rich guy's villa where illegal fighting is being organized. It should be easy money, but the friend gets killed and now the mechanic wants revenge on the people involved."
465,The Salute of the Jugger,1989,1h 44m,12,6.3, (8.1K),David Webb Peoples,"Rutger Hauer, Delroy Lindo, Anna Katarina",Action,"In a future where most of mankind and technology is wiped out, six people travel from place to place playing a brutal form of football with a dog skull. They hope one day to play in the league in a city."
466,Best of the Best II,1993,1h 41m,15,5.6, (6.9K),Robert Radler,"Eric Roberts, Phillip Rhee, Chris Penn",Action,"The Colosseum is the fighting arena owned by the champion Bracus. Now after the death of their friend, Tommy Lee and Alex Grady want revenge."
467,Death Match,1994,1h 34m,R,4.5, (318),Joe Coppoletta,"Ian Jacklin, Martin Kove, Matthias Hues",Action,"A kickboxing champ and a reporter are searching for a missing man, but they turn up a series of illegal kickboxing matches run by an arms dealer."
468,Automatic,1995,1h 30m,15,5.2, (914),John Murlowski,"Olivier Gruner, Daphne Ashbrook, John Glover",Action,"Robgen industries newest security system is ""The J Series Automatic"", an android model designed and programmed to protect humans from violent attacks. But one night, an Automatic named J269 discovers a Robgen executive trying to rape a female employee named Nora Rochester. While trying to stop the crime, he inadvertently kills the executive. At this point, J269 then calls Goddard Marx (his creator and a Robgen chairman) to inform him of the incident. Marx tells the android to stay there with Rochester until help arrives, but Marx is intent on sweeping the fiasco under the rug by sending mercenaries to eliminate both J269 and Rochester. Now the two are fugitives on the run from a para-military hit squad."
469,Chik loh dak gung,2002,1h 32m,15,5.5, (8.6K),Siu-Tung Ching,"Anya, Marit Thoresen, Maggie Q",Action,"Madame M, kidnaps forty pre-teen girls to train them as the most deadly assassins. CIA operative follows the case for 6 years with no leads, but when a series of assassinations begin to occur, he suspects that Madame M is back in business."
470,You're Next,2011,1h 35m,18,6.6, (117K),Adam Wingard,"Sharni Vinson, Joe Swanberg, AJ Bowen",Action,"When the Davison family comes under attack during their wedding anniversary getaway, the gang of mysterious killers soon learns that one of the victims harbors a secret talent for fighting back."
471,Deadly Prey,1987,1h 28m,R,5.0, (3.7K),David A. Prior,"Cameron Mitchell, Troy Donahue, Ted Prior",Action,"A group of sadistic mercenaries kidnap people off the streets and set them loose on the grounds of their secret camp, so the ""students"" at the camp can learn how to track down and kill their prey."
472,District 9,2009,1h 52m,18,7.9, (743K),Neill Blomkamp,"Sharlto Copley, Jason Cope, David James",Action,"In a future Earth in which aliens are isolated in a remote ghetto, a government agent finds himself banished there."
473,Elysium,2013,1h 49m,18,6.6, (486K),Neill Blomkamp,"Matt Damon, Jodie Foster, Sharlto Copley",Action,"In the year 2154, the very wealthy live on a man-made space station while the rest of the population resides on a ruined Earth. A man takes on a mission that could bring equality to the polarized worlds."
474,레디 플레이어 원,2018,2h 20m,12,7.4, (528K),Steven Spielberg,"Tye Sheridan, Olivia Cooke, Ben Mendelsohn",Action,"When the creator of a virtual reality called the OASIS dies, he makes a posthumous challenge to all OASIS users to find his Easter Egg, which will give the finder his fortune and control of his world."
475,Star Wars: Episode II - Attack of the Clones,2002,2h 22m,All,6.6, (804K),George Lucas,"Ewan McGregor, Natalie Portman, Hayden Christensen",Action,"Ten years after initially meeting, Anakin Skywalker shares a forbidden romance with Padmé Amidala, while Obi-Wan Kenobi discovers a secret clone army crafted for the Jedi."
476,In Hell,2003,1h 38m,15,6.1, (22K),Ringo Lam,"Jean-Claude Van Damme, Lawrence Taylor, Lloyd Battista",Action,A man must survive a prison where hardened criminals battle to the death for the wardens' entertainment.
477,Big Game,2014,1h 30m,15,5.4, (37K),Jalmari Helander,"Samuel L. Jackson, Onni Tommila, Ray Stevenson",Action,A young teenager camping in the woods helps rescue the President of the United States when Air Force One is shot down near his campsite.
478,Nemesis,1992,1h 36m,18,5.4, (7.4K),Albert Pyun,"Olivier Gruner, Tim Thomerson, Cary-Hiroyuki Tagawa",Action,"Alex, a burned out LA cyborg cop, is forced by commissioner Farnsworth to find his former cyborg partner and lover Jared who's about to deliver sensitive data to cyborg terrorists who wish to wage war against humans. Is he being played?"
479,Balance of Power,1996,1h 32m,R,4.7, (432),Rick Bennett,"Billy Blanks, Mako, Lisa Jai",Action,"A peaceful karate instructor is propelled into the bloody, underworld kick-boxing circuit by the murder of a close friend. The man responsible is an Asian crime lord with a passion for gambling on the city's underground street fights."
480,Showdown,1993,1h 38m,PG-13,5.2, (1.4K),Robert Radler,"Billy Blanks, Kenn Scott, Christine Taylor",Action,An ex-policeman/school janitor (Billy Blanks) shows a new student (Kenn Scott) how to defend himself from a martial-arts bully.
481,John Wick: Chapter 2,2017,2h 2m,19,7.4, (556K),Chad Stahelski,"Keanu Reeves, Riccardo Scamarcio, Ian McShane",Action,"After returning to the criminal underworld to repay a debt, John Wick discovers that a large bounty has been put on his life."
482,The Equalizer 2,2018,2h 1m,15,6.7, (222K),Antoine Fuqua,"Denzel Washington, Pedro Pascal, Ashton Sanders",Action,"Robert McCall serves an unflinching justice for the exploited and oppressed, but how far will he go when that is someone he loves?"
483,2 Guns,2013,1h 49m,18,6.7, (235K),Baltasar Kormákur,"Denzel Washington, Mark Wahlberg, Paula Patton",Action,"Two hardened criminals get into trouble with the US border patrol after meeting with a Mexican drug lord, and then revelations start to unfold."
484,John Wick: Chapter 3 - Parabellum,2019,2h 10m,19,7.4, (467K),Chad Stahelski,"Keanu Reeves, Halle Berry, Ian McShane",Action,"John Wick is on the run after killing a member of the international assassins' guild, and with a $14 million price tag on his head, he is the target of hit men and women everywhere."
485,John Wick: Chapter 4,2023,2h 49m,18,7.6, (396K),Chad Stahelski,"Keanu Reeves, Laurence Fishburne, George Georgiou",Action,"John Wick uncovers a path to defeating The High Table. But before he can earn his freedom, Wick must face off against a new enemy with powerful alliances across the globe and forces that turn old friends into foes."
486,John Wick: Chapter 5,,,,,,,,Action,
487,Brooklyn's Finest,2009,2h 12m,18,6.7, (68K),Antoine Fuqua,"Richard Gere, Don Cheadle, Ethan Hawke",Action,Three unconnected Brooklyn cops wind up at the same deadly location after enduring vastly different career paths.
488,Traitor,2008,1h 54m,PG-13,6.9, (60K),Jeffrey Nachmanoff,"Don Cheadle, Guy Pearce, Saïd Taghmaoui",Action,"When straight arrow FBI agent Roy Clayton heads up the investigation into a dangerous international conspiracy, all clues seem to lead back to former U.S. Special Operations officer, Samir Horn."
489,Pride and Glory,2008,2h 10m,18,6.6, (65K),Gavin O'Connor,"Colin Farrell, Edward Norton, Jon Voight",Action,"A family's moral codes are tested when Ray Tierney investigates a case that reveals an incendiary police corruption scandal involving his own brother-in-law. For Ray, the truth is revelatory, a Pandora's Box that threatens to upend not only the Tierney legacy but the entire NYPD."
490,Rules of Engagement,2000,2h 8m,15,6.4, (52K),William Friedkin,"Tommy Lee Jones, Samuel L. Jackson, Guy Pearce",Action,An attorney defends an officer on trial for ordering his troops to fire on civilians after they stormed a U.S. embassy in a Middle Eastern country.
491,Felon,2008,1h 44m,18,7.4, (87K),Ric Roman Waugh,"Stephen Dorff, Marisol Nichols, Vincent Miller",Action,"Locked up for killing an intruder in self-defense, a family man must cope with life in the violent penal system."
492,Shot Caller,2017,2h 1m,18,7.3, (110K),Ric Roman Waugh,"Nikolaj Coster-Waldau, Omari Hardwick, Lake Bell",Action,A newly released prisoner is forced by the leaders of his gang to orchestrate a major crime with a brutal rival gang on the streets of Southern California.
493,액시던트 맨,2018,1h 45m,19,6.2, (15K),Jesse V. Johnson,"Scott Adkins, Ray Stevenson, David Paymer",Action,"Mike is a tough hitman, who makes his hits look like accidents or suicide. He's in a gang of hitmen, each with his own style. When his loved ex is killed, Mike looks for those responsible."
494,Final Score,2018,1h 44m,18,5.8, (15K),Scott Mann,"Martyn Ford, Gordon Alexander, Alexandra Dinu",Action,"After deadly terrorists abduct his niece at a soccer match, an ex-soldier with lethal fighting skills wages a one-man war to save her and prevent mass destruction."
495,Message Man,2018,1h 31m,18,5.9, (5.2K),Corey Pearson,"Paul O'Brien, Aji Santosa, Verdi Solaiman",Action,A retired assassin's past catches up with him and his brutality surfaces as he goes on a final killing spree to make things right.
496,Bent,2018,1h 36m,15,5.2, (6.8K),Bobby Moresco,"Cherish Gaines, Karl Urban, Sofía Vergara",Action,A discredited ex-cop connects a murder case to an elaborate conspiracy involving treason.
497,Gridlocked,2015,1h 50m,18,5.8, (5.4K),Allan Ungar,"Dominic Purcell, Cody Hackman, Saul Rubinek",Action,Former SWAT leader David Hendrix and hard-partying movie star Brody Walker must cut their ride-along short when a police training facility is attacked by a team of mercenaries.
498,The Art of War,2000,1h 57m,18,5.7, (32K),Christian Duguay,"Wesley Snipes, Donald Sutherland, Maury Chaykin",Action,"UN's secretary general uses covert operations to help diplomacy along. Shaw's called back 6 months after one such operation. He witnesses the murder of Chinese UN ambassador at UN, NYC, chases the assassin and ends up a suspect."
499,The Detonator,2006,1h 36m,18,4.7, (4.7K),Po-Chih Leong,"Wesley Snipes, William Hope, Tim Dutton",Action,"Sonni Griffith, a top US Secret Agent must protect a witness as he crosses Europe."
500,The Don Is Dead,1973,1h 55m,R,6.2, (1.7K),Richard Fleischer,"Anthony Quinn, Frederic Forrest, Robert Forster",Action,"After his mistress is savagely beaten up a Mafia leader goes after the killer with a bloody vengeance. Soon after the hunt begins, a gang war ensues."
501,Villa Rides,1968,2h 5m,R,6.3, (2.5K),Buzz Kulik,"Yul Brynner, Robert Mitchum, Maria Grazia Buccella",Action,Mexican rebel Pancho Villa leads a revolution helped by an American aviator imprisoned in Mexico.
502,The Tracker,2001,1h 30m,R,4.8, (332),Jeff Schechter,"Casper Van Dien, Françoise Robertson, Russell Wong",Action,"When lovely Kim Chang is kidnapped in a bloody assault, disgraced private detective Connor Spears is enlisted by her brother Rick to rescue her from warring Russian and Chinese mobs."
503,Last Seen in Idaho,2018,1h 49m,15,4.6, (3.5K),Eric Colley,"Hallie Shepherd, Casper Van Dien, Wes Ramsey",Action,A woman awakens from a coma after a car accident and begins having shocking visions of her future murder. It's a race against the clock as she tries to solve and prevent her own murder.
504,Blood of Redemption,2013,1h 25m,18,4.5, (1.9K),Giorgio Serafini,"Shawn Sourgose, Dolph Lundgren, Vinnie Jones, Billy Zane",Action,"A business man by day and criminal mastermind by night, Quinn Forte (Billy Zane) had it all: money, power, respect...until someone from his inner circle murdered his father and stole it all away."
505,Game of Death,2011,1h 38m,15,4.7, (7.3K),Giorgio Serafini,"Wesley Snipes, Aunjanue Ellis-Taylor, Zoë Bell",Action,Secret Ops agent Marcus is sent to Detroit to take out an arms dealer and the head of the hedge fund that is financing him. His CIA backup has other plans and turns on him and it's a fight to survive in a hospital.
506,Enter the Dragon,1973,1h 42m,18,7.6, (118K),Robert Clouse,"Bruce Lee, John Saxon, Jim Kelly",Action,A Shaolin martial artist travels to an island fortress to spy on an opium lord - who is also a former monk from his temple - under the guise of attending a fighting tournament.
507,Meng long guo jiang,1972,1h 39m,15,7.1, (44K),Bruce Lee,"Bruce Lee, Nora Miao, Chuck Norris",Action,"A country bumpkin martial artist visits his relatives in Rome, Italy, where he must defend them and their restaurant against harassment from brutal gangsters."
508,Tang shan da xiong,1971,1h 40m,15,6.9, (31K),Wei Lo,"Chia-Hsiang Wu, Bruce Lee, Maria Yi, James Tien",Action,"A young Chinese man sworn an oath of non-violence moves to Thailand to work with his cousins in an ice factory, which he discovers to be a front for a sinister heroin-smuggling operation."
509,Circle of Iron,1978,1h 42m,R,5.7, (2.8K),Richard Moore,"David Carradine, Jeff Cooper, Christopher Lee",Action,"A young martial artist embarks on an adventure, encountering other martial artists in battle until one day he meets an aging blind man who will show him the true meaning of martial arts and life."
510,The Mummy,1999,2h 4m,12,7.1, (490K),Stephen Sommers,"Brendan Fraser, Rachel Weisz, John Hannah",Action,"At an archaeological dig in the ancient city of Hamunaptra, an American serving in the French Foreign Legion accidentally awakens a mummy who begins to wreak havoc as he searches for the reincarnation of his long-lost love."
511,The Mummy Returns,2001,2h 10m,12,6.4, (362K),Stephen Sommers,"Brendan Fraser, Rachel Weisz, John Hannah",Action,"The mummified body of Imhotep is shipped to a museum in London, where he once again wakes and begins his campaign of rage and terror."
512,Aces 'N' Eights,2008,1h 27m,TV-14,5.4, (889),Craig R. Baxley,"Casper Van Dien, Bruce Boxleitner, Ernest Borgnine",Action,"Already taking a gamble settling in the uncharted west, the peaceful settlers of a town destined for railroad greatness suddenly find themselves being ruthlessly gunned down. With no law and order to be found, justice falls onto the shoulders of an elderly rancher and an accomplished but retired gunslinger."
513,Seraphim Falls,2006,1h 55m,R,6.6, (36K),David Von Ancken,"Liam Neeson, Pierce Brosnan, Michael Wincott",Action,"After the end of the American Civil War, a former Confederate colonel hunts down a former Yankee officer with whom he has a grudge."
514,Judgment Day,1999,1h 35m,12,4.6, (1.4K),John Terlesky,"Ice-T, Suzy Amis, Mario Van Peebles",Action,"Cultists with an enigmatic leader (Mario Van Peebles) seize the only man capable of devising a way to stop a giant meteor from hitting the Earth. Agents (Suzy Amis, Ice-T) are then sent to his rescue..."
515,Wind River,2017,1h 47m,15,7.7, (305K),Taylor Sheridan,"Kelsey Asbille, Jeremy Renner, Julia Jones",Action,A wildlife officer helps an FBI agent investigate a murder on an American Indian reservation.
516,In a Valley of Violence,2016,1h 44m,18,6.1, (22K),Ti West,"Ethan Hawke, John Travolta, Taissa Farmiga",Action,A mysterious stranger and a random act of violence drag a town of misfits and nitwits into the bloody crosshairs of revenge.
517,Forsaken,2015,1h 30m,18,6.4, (15K),Jon Cassar,"Esther Purves-Smith, Kiefer Sutherland, Donald Sutherland",Action,"In 1872, an embittered gunslinger named John Henry Clayton attempts to make amends with his estranged father Reverend Samuel Clayton while their community is besieged by ruthless land-grabbers."
518,Appaloosa,2008,1h 55m,R,6.7, (67K),Ed Harris,"Ed Harris, Viggo Mortensen, Robert Jauregui",Action,Two friends hired to police a small town that is suffering under the rule of a rancher find their job complicated by the arrival of a young widow.
519,Jane Got a Gun,2015,1h 38m,15,5.9, (25K),Gavin O'Connor,"Natalie Portman, Joel Edgerton, Ewan McGregor",Action,A woman asks her ex-lover for help in order to save her outlaw husband from a gang out to kill him.
520,Young Guns,1988,1h 47m,15,6.8, (72K),Christopher Cain,"Emilio Estevez, Kiefer Sutherland, Lou Diamond Phillips",Action,"A group of young gunmen, led by Billy the Kid, become deputies to avenge the murder of the rancher who became their benefactor. But when Billy takes their authority too far, they become the hunted."
521,Young Guns II,1990,1h 44m,18,6.5, (41K),Geoff Murphy,"Emilio Estevez, Kiefer Sutherland, Lou Diamond Phillips",Action,"Billy the Kid and his band of outlaws are pursued across New Mexico territory by Sheriff Pat Garrett, who the young gunslingers must face-off with if they are to reach the safety of the border."
522,The Hidden,1987,1h 37m,15,7.0, (25K),Jack Sholder,"Kyle MacLachlan, Michael Nouri, Claudia Christian",Action,A cop and an FBI agent race for answers after law abiding people suddenly become violent criminals.
523,Star Trek: Of Gods and Men,2007,1h 27m,,6.1, (1.6K),Tim Russ,"Walter Koenig, Nichelle Nichols, Alan Ruck",Action,"It is the year 2306. Thirteen years have passed since Captain James T. Kirk was swept away by the Nexus, after saving the crew of the USS Enterprise-B. The remaining crew members of the original USS Enterprise have gone their separate ways. Captain Nyota Uhura and Captain Pavel Chekov, along with Captain John Harriman of the Enterprise-B, come together for a special dedication in honor of Kirk's Enterprise. Their reunion is cut short when they receive a distress call from a mysterious planet, that presses the three friends to embark on a mission that will change their lives forever."
524,The Substitute: Failure Is Not an Option,2001,1h 31m,18,4.7, (1.5K),Robert Radler,"Treat Williams, Angie Everhart, Patrick Kilpatrick",Action,"Former mercenary Karl Thomasson returns once again as a substitute teacher, this time to infiltrate a military school's faculty to cease the actions of white supremacists."
525,Star Trek: Generations,1994,1h 58m,12,6.6, (90K),David Carson,"Patrick Stewart, Jonathan Frakes, Brent Spiner",Action,"With the help of long presumed dead Captain Kirk, Captain Picard must stop a deranged scientist willing to murder on a planetary scale in order to enter a space matrix."
526,Extreme Justice,1993,1h 36m,18,5.6, (1.5K),Mark L. Lester,"Lou Diamond Phillips, Scott Glenn, Chelsea Field",Action,"A rogue cop joins an elite L.A.P.D. unit who secretly operate as a vigilante death squad, but soon begins to question their methods."
527,White Sands,1992,1h 41m,R,6.0, (9.5K),Roger Donaldson,"Willem Dafoe, Mary Elizabeth Mastrantonio, Mickey Rourke",Action,A small southwestern town Sheriff finds a body in the desert with a suitcase and five hundred thousand dollars. He impersonates the man and stumbles into an F.B.I. investigation.
528,84C MoPic,1989,1h 35m,R,6.7, (2.1K),Patrick Sheane Duncan,"Jonathan Emerson, Nicholas Cascone, Jason Tomlins",Action,"The title refers to the U.S. Army's former ""MOS"" (job code) for a combat cameraman. The story follows a unit of American G.I.s in Vietnam, all with different backgrounds and motives for being there, through the lens of his camera."
529,Hamburger Hill,1987,1h 50m,18,6.7, (29K),John Irvin,"Anthony Barrile, Michael Boatman, Don Cheadle",Action,A very realistic interpretation of one of the bloodiest battles of the Vietnam War.
530,The Man from Hong Kong,1975,1h 46m,R,6.5, (2.1K),Brian Trenchard-Smith,"Jimmy Wang Yu, Jimmy Wang Yu, George Lazenby, Hugh Keays-Byrne",Action,"While on dispatch in Australia to assist in the extradition of a drug courier, a tough Hong Kong cop wages a one-man war against Sydney's most powerful kingpin."
531,Rapid Fire,1992,1h 35m,18,6.3, (11K),Dwight H. Little,"Brandon Lee, Powers Boothe, Nick Mancuso",Action,"When student Jake Lo witnesses a killing, he finds himself caught between two feuding drug lords. Betrayed and set up by the federal agents, the only person he can trust is Ryan, a Chicago cop who reminds Jake of his deceased father."
532,The Mask of Zorro,1998,2h 16m,15,6.8, (207K),Martin Campbell,"José María de Tavira, Diego Sieres, Emiliano Guerra",Action,"A young thief seeking revenge for his brother's death is trained by the once-great, aging Zorro, who is pursuing his own vengeance."
533,Reign of Fire,2002,1h 41m,12,6.2, (151K),Rob Bowman,"Christian Bale, Matthew McConaughey, Izabella Scorupco",Action,"A brood of fire-breathing dragons emerges from the earth and begins setting everything ablaze, establishing dominance over the planet."
534,Gojira tai Mekagojira,1974,1h 24m,PG,6.2, (8.7K),Jun Fukuda,"Masaaki Daimon, Kazuya Aoyama, Reiko Tajima",Action,"An Okinawan prophecy appears to foretell Earth's destruction at the hands of Godzilla, only for the true Godzilla to reveal his doppelganger as a mechanical alien weapon."
535,Gojira vs. Supesugojira,1994,1h 48m,Not Rated,5.8, (6.2K),Kenshô Yamashita,"Takao Okawara, Kazuki Ômori, Jun Hashizume, Megumi Odaka, Zenkichi Yoneyama",Action,Godzilla is threatened by two new forces: Mogera - another UN built machine; and Space Godzilla - a beast spawned from Godzilla's particles in space.
536,Gojira vs. Desutoroiâ,1995,1h 43m,Unrated,6.9, (8.3K),Ishirô Honda,"Takao Okawara, Kôji Hashimoto, Takurô Tatsumi, Yôko Ishino, Yasufumi Hayashi",Action,"The aftermath of the Oxygen Destroyer brings forth Destoroyah, a beast intent on killing Godzilla, who is on the verge of a nuclear meltdown."
537,Gojilla,1954,1h 36m,Not Rated,7.6, (44K),Ishirô Honda,"Takashi Shimura, Akihiko Hirata, Akira Takarada",Action,"After a dinosaur-like beast - awoken from undersea hibernation by atom bomb testing - ravages Tokyo, a scientist must decide if his similarly dangerous weapon should be used to destroy it."
538,Kakushi-toride no san-akunin,1958,2h 19m,Not Rated,8.0, (45K),Akira Kurosawa,"Toshirô Mifune, Minoru Chiaki, Kamatari Fujiwara",Action,"Lured by gold, two greedy peasants unknowingly escort a princess and her general across enemy lines."
539,Take a Hard Ride,1975,1h 43m,PG,5.7, (1.6K),Antonio Margheriti,"Jim Brown, Lee Van Cleef, Fred Williamson",Action,"After selling his cattle in town, ranch owner Morgan unexpectedly dies, and his foreman Pike has to deliver the payroll to Sonora, despite the perilous journey during which he's followed by many shady characters who want the money."
540,Hell Up in Harlem,1973,1h 34m,R,5.9, (2K),Larry Cohen,"Fred Williamson, Julius Harris, Gloria Hendry",Action,"A gangster in Harlem must rescue his ex-wife, who has been kidnapped by the Mafia."
541,Black Caesar,1973,1h 27m,18,6.4, (4.4K),Larry Cohen,"Fred Williamson, Gloria Hendry, Art Lund",Action,"Raised in Harlem, Tommy Gibbs becomes a successful mob boss but he clashes with the rival Mafia and his old enemy, dirty cop McKinney."
542,"One Down, Two to Go",1982,1h 25m,R,4.5, (720),Fred Williamson,"Fred Williamson, Jim Brown, Jim Kelly",Action,A pair of tough cops go after the mob who rigged the martial arts tournament and injured their buddy.
543,Coffy,1973,1h 30m,R,6.8, (14K),Jack Hill,"Pam Grier, Booker Bradshaw, Robert DoQui",Action,A nurse serves inner-city drug dealers with some vigilante justice after her sister becomes their latest victim.
544,Friday Foster,1975,1h 30m,R,6.0, (2.9K),Arthur Marks,"Pam Grier, Yaphet Kotto, Godfrey Cambridge",Action,"While investigating a plot to assassinate politicians, magazine photographer Friday Foster becomes a target herself."
545,The Outlaw Josey Wales,1976,2h 15m,PG,7.8, (85K),Clint Eastwood,"Clint Eastwood, Chief Dan George, Sondra Locke",Action,A Missouri farmer hunts down brutal Union soldiers.
546,The Magnificent Seven,2016,2h 12m,15,6.9, (241K),Antoine Fuqua,"Denzel Washington, Chris Pratt, Ethan Hawke",Action,Seven gunmen from a variety of backgrounds are brought together by a vengeful young widow to protect her town from the private army of a destructive industrialist.
547,Yôjinbô,1961,1h 50m,Not Rated,8.2, (140K),Akira Kurosawa,"Toshirô Mifune, Tatsuya Nakadai, Yôko Tsukasa",Action,A crafty ronin comes to a town divided by two criminal gangs and decides to play them against each other to free the town.
548,Banlieue 13: Ultimatum,2009,1h 41m,15,6.5, (47K),Patrick Alessandrin,"Cyril Raffaelli, David Belle, Philippe Torreton",Action,"Damien and Leito return to District 13 on a mission to bring peace to the troubled sector that is controlled by five different gang bosses, before the city's secret services take drastic measures to solve the problem."
549,Top of the World,1997,1h 40m,15,4.6, (1K),Sidney J. Furie,"Peter Weller, Dennis Hopper, Tia Carrere",Action,"A just-paroled ex-cop and his soon-to-be-ex-wife wander into a Las Vegas casino, become suspects in a robbery, and take a gamble with their lives."
550,Diplomatic Siege,1999,1h 30m,15,3.9, (1.6K),Gustavo Graef Marino,"Peter Weller, Daryl Hannah, Tom Berenger",Action,"Terrorists take over the US embassy in Bucharest, executing one hostage every hour until a war criminal is released. Plus - 2 specialists are there trying to disarming a secret nuclear bomb."
551,The Immortals,1995,1h 38m,R,5.4, (1.6K),Brian Grant,"Eric Roberts, Joe Pantoliano, Tia Carrere",Action,"A seedy night-club owner recruits eight violent gangsters for an elaborate heist. But when they all begin to compare notes, they find they're pawns in a dangerous game of double-cross."
552,Fifty/Fifty,1992,1h 41m,R,5.7, (962),Charles Martin Smith,"Peter Weller, Robert Hays, Charles Martin Smith",Action,Two bickering mercenaries are hired by the CIA to overthrow a South East Asian dictator.
553,The Dead,2010,1h 45m,18,5.7, (9.9K),Howard J. Ford,"Jonathan Ford, Rob Freeman, Prince David Osei, David Dontoh",Action,"An American mercenary, the sole survivor of a plane crash, has to run the gauntlet across Africa, battling with the living dead."
554,The Dead 2: India,2013,1h 38m,18,5.1, (2.2K),Howard J. Ford,"Jonathan Ford, Joseph Millson, Meenu Mishra, Anand Krishna Goyal",Action,An infectious epidemic spreads through India as an American turbine engineer learns that his pregnant girlfriend is trapped near the slums of Mumbai. Now he must battle his way across a 300mile wasteland of the ravenous undead.
555,State of Emergency,2011,1h 30m,Not Rated,5.2, (3.3K),Turner Clay,"Jay Hayden, Tori White, Scott Lilly",Action,"Chemical facility explosion releases toxin causing town residents to mutate into flesh-eating zombies. Military quarantines area. Story follows Jim, isolated in red zone, evading zombies to escape quarantine."
556,Army of the Dead,2021,2h 28m,18,5.8, (198K),Zack Snyder,"Dave Bautista, Ella Purnell, Omari Hardwick",Action,"Following a zombie outbreak in Las Vegas, a group of mercenaries take the ultimate gamble, venturing into the quarantine zone to pull off the greatest heist ever attempted."
557,잭 스나이더의 저스티스 리그,2021,4h 2m,12,7.9, (465K),Zack Snyder,"Ben Affleck, Henry Cavill, Amy Adams",Action,"Determined to ensure that Superman's ultimate sacrifice wasn't in vain, Bruce Wayne recruits a team of metahumans to protect the world from an approaching threat of catastrophic proportions."
558,Highlander: Endgame,2000,1h 27m,18,4.6, (22K),Doug Aarniokoski,"Adrian Paul, Christopher Lambert, Bruce Payne",Action,"Immortals Connor and Duncan MacLeod must join forces against Kell, an evil immortal who has become too strong for anyone to face alone."
559,Highlander,1986,1h 56m,18,7.0, (156K),Russell Mulcahy,"Christopher Lambert, Roxanne Hart, Clancy Brown",Action,"An immortal Scottish swordsman must confront the last of his immortal opponents, a murderously brutal barbarian who lusts for the fabled ""Prize""."
560,RoboCop,2014,1h 57m,12,6.1, (247K),José Padilha,"Joel Kinnaman, Gary Oldman, Michael Keaton",Action,"In 2028 Detroit, when Alex Murphy, a loving husband, father and good cop, is critically injured in the line of duty, the multinational conglomerate OmniCorp sees their chance for a part-man, part-robot police officer."
561,Real Steel,2011,2h 7m,12,7.1, (375K),Shawn Levy,"Hugh Jackman, Dakota Goyo, Evangeline Lilly",Action,"In a near future where robot boxing is a top sport, a struggling ex-boxer feels he's found a champion in a discarded robot."
562,Double Impact,1991,1h 50m,18,5.7, (47K),Sheldon Lettich,"Jean-Claude Van Damme, Geoffrey Lewis, Alonna Shaw",Action,Twin brothers are separated when their parents are murdered but 25 years later they re-unite in order to avenge their parents' death.
563,Seven Psychopaths,2012,1h 50m,18,7.1, (284K),Martin McDonagh,"Michael Pitt, Michael Stuhlbarg, Sam Rockwell",Action,A struggling screenwriter inadvertently becomes entangled in the Los Angeles criminal underworld after his oddball friends kidnap a gangster's beloved Shih Tzu.
564,Wong ga si je IV: Jik gik jing yan,1989,1h 34m,15,7.1, (2K),Yuen Woo-Ping,"Cynthia Khan, Donnie Yen, Michael Wong",Action,A Hong Kong cop and two American cops are onto a suspected harbor worker and are forced to team up when they discover that the suspect is a witness on the run from CIA agents and their schemers; two corrupt cops.
565,Huang jia shi jie zhi III: Ci xiong da dao,1988,1h 30m,15,6.6, (928),Arthur Wong,"Brandy Yuen, Cynthia Khan, Hiroshi Fujioka, Stuart Ong",Action,"Genji Nakamura and his soul-mate and partner Michiko Nishiwaki are thieves for the notorious Red Army terrorist organization in Japan. After pulling off the jewelry heist of the century (in which dozens of people get killed including a Tokyo detective), they are now planning to use the jewelry they've snatched to buy an arms cache from gun smugglers in Hong Kong for their movement. But when the duo learns the jewelry is fake and that their co-conspirator has set them up, they are determined to get what is owed to them even if they have to tear Hong Kong inside out. But lovely Hong Kong inspector Rachel Yeung is on the scene and she's not having any kind of bloodbath on her watch. After recently being promoted to 'Madam' for the S.C.S. (Serious Crimes Section), Rachel is determined to bust Michiko and Nakamura anyway she can when their violence results in too many casualties. But Rachel finds herself at odds with her bumbling uncle Cameron Chung, the head inspector for the S.C.S., as he feels this case is too dangerous for her and assigns Rachel to be a police escort for Officer Fujioka, a quiet but determined Tokyo police officer who is in town for his own personal reasons...reasons which could spell trouble for Rachel when she learns that he has a personal vendetta against Michiko and Nakamura. As the action hits overdrive filled with chases, gun fights and some serious hand-to-hand combat from both sides, it leads to a brutal but nasty showdown pitting cop against criminal...and only those with something to lose may be the ones to walk away from this encounter alive."
566,Wong ga jin si,1986,1h 36m,15,7.0, (2.4K),David Chung,"Michelle Yeoh, Hiroyuki Sanada, Michael Wong",Action,"After a HK cop, an air security cop and a Tokyo cop have dealt with 2 terrorists on their airplane to Hong Kong, they also have to deal with the two's 2 violent brothers-in-arms in HK."
567,Huang jia shi jie,1985,1h 33m,15,6.7, (3.5K),Corey Yuen,"Michelle Yeoh, Cynthia Rothrock, John Sham",Action,Two unlucky thieves break into a just murdered man's hotel room and steal his passport with a hidden microfilm wanted by a triad boss. Two hard kicking women cops from HK and UK get the case.
568,The First Power,1990,1h 38m,18,5.7, (5.4K),Robert Resnikoff,"Lou Diamond Phillips, Tracy Griffith, Jeff Kober",Action,A Los Angeles policeman hunts a killer brought back by Satan.
569,Stickfighter,1994,1h 29m,,5.2, (103),BJ Davis,"Kely McClung, Alex Meneses, Karl Johnson",Action,"D.E.A. agent, John Lambert fights the powerful drug cartels on a daily basis. But when his partner is killed in a violent shoot-out, Lambert needs some time away from the job to cope."
570,Gridlock'd,1997,1h 31m,R,6.9, (17K),Vondie Curtis-Hall,"Tim Roth, Tupac Shakur, Thandiwe Newton",Action,"Two friends try to kick their drug addiction after a friend dies from an overdose, when they try to enroll in a detox program, things quickly go wrong."
571,Raw Target,1995,1h 32m,R,5.3, (112),Tim Spring,"Dale Cook, Ron Hall, Nicholas Hill",Action,"Johnny Rider is a kickboxing champion with a past. When he finds out a gang of drug dealers is responsible for the murder of his brother, Johnny becomes a man with only one thing on his mind...revenge."
572,Kindergarten Cop,1990,1h 51m,12,6.3, (172K),Ivan Reitman,"Arnold Schwarzenegger, Penelope Ann Miller, Pamela Reed",Action,"A tough cop must pose as a kindergarten teacher in order to locate a dangerous criminal's ex-wife, who may hold the key to putting him behind bars."
573,F/X,1986,1h 49m,15,6.7, (24K),Robert Mandel,"Bryan Brown, Brian Dennehy, Diane Venora",Action,"A movie special effects man is hired to fake a real-life mob killing for a witness protection plan, but finds his own life in danger."
574,Delta Heat,1992,1h 31m,R,5.1, (457),Michael Fischa,"Anthony Edwards, Lance Henriksen, Betsy Russell",Action,An L. A. cop investigates the death of his partner in the swamps of Louisiana. Enlisting the help of an ex-cop who lost his hand to an alligator many years before.
575,Tequila Sunrise,1988,1h 55m,18,6.1, (36K),Robert Towne,"Mel Gibson, Michelle Pfeiffer, Kurt Russell",Action,"A former L.A. drug dealer tries to go straight but his past and his underworld connections bring him into the focus of the DEA, the Mexican feds and the Mexican drug cartels."
576,One Good Cop,1991,1h 54m,R,5.9, (4.9K),Heywood Gould,"Michael Keaton, Rene Russo, Anthony LaPaglia",Action,A New York Police Detective and his Wife try to take care of his slain partner's three daughters.
577,Lockdown,1990,1h 30m,R,5.2, (115),Frank Harris,"Richard Lynch, Chris DeRose, Chuck Jeffreys",Action,"Detective Taylor's worst nightmare unfolds after he is framed for murder by the evil Garrett. Wrenched from the comfort of his wife and daughter, Taylor's agony starts when he enters the terrible world of prison."
578,Samurai Cop 2: Deadly Vengeance,2015,1h 34m,Not Rated,3.4, (4K),Gregory Hatanaka,"Mathew Karedas, Mark Frazer, Bai Ling",Action,"It's 25 years later, and police detective Frank Washington is forced to team up again with his long estranged partner Joe Marshall to investigate a series of assassinations, in a case with ingredients they could never have imagined."
579,No Code of Conduct,1998,1h 30m,15,4.7, (1.7K),Bret Michaels,"Charlie Sheen, Martin Sheen, Mark Dacascos",Action,"A cop, his partner, and his father uncover a plot by city elders to smuggle drugs from Mexico into Phoenix, Arizona."
580,Gunmen,1993,1h 34m,R,5.2, (4K),Deran Sarafian,"Christopher Lambert, Mario Van Peebles, Denis Leary",Action,"USD400,000,000 is stolen and a drug lord wants it back. The killed thief's brother is broken out of prison by a DEA bounty hunter to help find the money boat. The body count continues in Latin America."
581,Bad Ass 2: Bad Asses,2014,1h 31m,R,5.6, (5.3K),Craig Moss,"Danny Trejo, Danny Glover, Jeremy Ray Valdez",Action,Frank Vega teams up with grumpy old agoraphobic Bernie Pope to kick ass and clean up the streets of L.A.
582,더 가드,2011,1h 36m,R,7.3, (100K),John Michael McDonagh,"Ronan Collins, Paraic Nialand, John Patrick Beirne",Action,An unorthodox Irish policeman with a confrontational personality is partnered with an uptight F.B.I. agent to investigate an international drug-smuggling ring.
583,The Inspectors,1998,1h 45m,Not Rated,5.9, (762),Brad Turner,"Louis Gossett Jr., Jonathan Silverman, Tobias Mehler",Action,Two very unlikely postal inspectors are assigned to find the person who planted a deadly mail bomb.
584,The Inspectors 2: A Shred of Evidence,2000,1h 37m,R,6.1, (638),Brad Turner,"Louis Gossett Jr., Jonathan Silverman, Michael Madsen",Action,"Postal inspectors (Louis Gossett, Jr. and Jonathan Silverman) investigate a con man (Michael Madsen) who uses the identities of others to falsify credit card purchases. Stealing credit card offers from mail boxes, he obtains cards in others' names, makes many purchases until the card is maxed out, but is always careful to pay minimum balances. According to the story, it is possible for individuals such as this to run many credit cards at a time without being caught."
585,Shaft,2000,1h 39m,18,6.0, (84K),John Singleton,"Samuel L. Jackson, Vanessa Williams, Jeffrey Wright",Action,New York City police detective John Shaft (nephew of the original 1970s detective) goes on a personal mission to make sure the son of a real estate tycoon is brought to justice after a racially-motivated murder.
586,I Went Down,1997,1h 47m,R,6.7, (2.5K),Paddy Breathnach,"Peter McDonald, Antoine Byrne, David Wilmot",Action,"An ex-con is forced into taking on a new task by a ruthless crime-boss, but finds he is hindered by the partner he has been teamed up with. However, he soon realizes they must work together if they are to survive."
587,The Librarians,2003,1h 36m,R,4.3, (480),Mike Kirton,"William Forsythe, Erika Eleniak, Andrew Divoff",Action,"A merc team called ""The Librarians"" is hired to find the missing granddaughter of one of their closest friends, and they'll have to go against a ruthless Miami mobster to get her."
588,Edison,2005,1h 39m,15,5.3, (17K),David J. Burke,"Morgan Freeman, Kevin Spacey, Justin Timberlake",Action,"Upon discovering a den of corrupt policemen, a fresh-faced journalist makes shaky allies in a jaded reporter and investigator for a powerful district attorney."
589,The Numbers Station,2013,1h 29m,15,5.6, (21K),Kasper Barfoed,"John Cusack, Malin Akerman, Liam Cunningham",Action,"A disgraced black ops agent is dispatched to a remote CIA broadcast station to protect a code operator. Soon, they find themselves in a life-or-death struggle to stop a deadly plot before it's too late."
590,Basic,2003,1h 38m,15,6.4, (69K),John McTiernan,"John Travolta, Connie Nielsen, Samuel L. Jackson",Action,Maverick DEA Agent Tom Hardy investigates the disappearance of a fearsome sergeant and his Special Forces trainees.
591,Phone Booth,2002,1h 21m,12,7.1, (298K),Joel Schumacher,"Colin Farrell, Kiefer Sutherland, Forest Whitaker",Action,"Publicist Stuart Shepard finds himself trapped in a phone booth, pinned down by an extortionist's sniper rifle. Unable to leave or receive outside help, Stuart's negotiation with the caller leads to a jaw-dropping climax."
592,Cellular,2004,1h 34m,15,6.5, (109K),David R. Ellis,"Caroline Aaron, Kim Basinger, Brenda Ballard",Action,"A young man receives an emergency phone call on his cell phone from an older woman. The catch? The woman claims to have been kidnapped, and the kidnappers have targeted her husband and child next."
593,Gang Related,1997,1h 51m,18,6.4, (11K),Jim Kouf,"Jim Belushi, Tupac Shakur, Lela Rochon",Action,"After murdering an undercover DEA agent, two corrupt cops scramble to cover up what they've done."
594,World War Z,2013,1h 56m,15,7.0, (767K),Marc Forster,"Brad Pitt, Mireille Enos, Daniella Kertesz",Action,Former United Nations employee Gerry Lane traverses the world in a race against time to stop a zombie pandemic that is toppling armies and governments and threatens to destroy humanity itself.
595,A Low Down Dirty Shame,1994,1h 40m,15,5.9, (8.2K),Keenen Ivory Wayans,"Keenen Ivory Wayans, Charles S. Dutton, Jada Pinkett Smith",Action,"An ex-cop, now a private detective, takes on the search for the millions stolen by a drug lord."
596,The Prince,2014,1h 33m,R,4.6, (20K),Brian A. Miller,"Jason Patric, Bruce Willis, John Cusack",Action,"When his daughter is kidnapped, a retired assassin is drawn back into the life he gave up. To rescue her, he must confront his former rival."
597,Bushwick,2017,1h 34m,18,5.2, (15K),Jonathan Milott,"Cary Murnion, Dave Bautista, Brittany Snow, Angelic Zambrana",Action,"When a U.S. based military force invades their Brooklyn neighborhood, 20-year-old Lucy and war veteran Stupe must depend on each other to survive."
598,The World Is Not Enough,1999,2h 8m,12,6.4, (217K),Michael Apted,"Pierce Brosnan, Sophie Marceau, Robert Carlyle",Action,"James Bond uncovers a nuclear plot while protecting an oil heiress from her former kidnapper, an international terrorist who can't feel pain."
599,The Spy Who Loved Me,1977,2h 5m,15,7.0, (122K),Lewis Gilbert,"Roger Moore, Barbara Bach, Curd Jürgens",Action,"James Bond investigates the hijacking of British and Russian submarines carrying nuclear warheads, with the help of a K.G.B. agent whose lover he killed."
600,Licence to Kill,1989,2h 13m,15,6.7, (117K),John Glen,"Timothy Dalton, Carey Lowell, Robert Davi",Action,A vengeful James Bond goes rogue to infiltrate and take down the organization of a drug lord who has murdered his friend's new wife and left him near death.
601,Ging chaat goo si III: Chiu kup ging chaat,1992,1h 36m,15,7.0, (26K),Stanley Tong,"Jackie Chan, Michelle Yeoh, Maggie Cheung",Action,A Hong Kong detective teams up with his female Red Chinese counterpart to stop a Chinese drug czar.
602,더 하더 데이 폴,2021,2h 19m,18,6.6, (76K),Jeymes Samuel,"Chase Dillon, DeWanda Wise, Julio Cesar Cedillo",Action,"When an outlaw discovers his enemy is being released from prison, he reunites his gang to seek revenge."
603,Riot,2015,1h 27m,18,5.1, (4K),John Lyde,"Matthew Reese, Dolph Lundgren, Danielle C. Ryan",Action,Cop Jack Stone robs a Russian mob bank to end in the same prison as the mob boss killing Jack's wife. An inmate helps him as does a reporter. Lots of fights.
604,샹치와 텐 링즈의 전설,2021,2h 12m,12,7.3, (476K),Destin Daniel Cretton,"Simu Liu, Tony Leung Chiu-wai, Awkwafina",Action,"Shang-Chi, the master of weaponry-based Kung Fu, is forced to confront his past after being drawn into the Ten Rings organization."
605,Sniper: Ultimate Kill,2017,1h 30m,18,5.6, (7.8K),Claudio Fäh,"Carl Goldstein, Chad Michael Collins, Danay Garcia, Billy Zane",Action,"For the first time, Brandon Beckett, Richard Miller and Sgt. Thomas Beckett join forces in Colombia to take down a brutal drug cartel."
606,Standoff,1998,1h 31m,R,5.0, (567),Andrew Chapman,"Robert Sean Leonard, Dennis Haysbert, Natasha Henstridge",Action,"A heavily armed cult in rural Texas is stormed by FBI and local police at dawn. Hell breaks loose. Some cops make it to an abandoned farmhouse, where they find two cute cult women."
607,The Gunman,2015,1h 55m,18,5.8, (45K),Pierre Morel,"Sean Penn, Jasmine Trinca, Javier Bardem",Action,"A sniper on a mercenary assassination team kills the minister of mines in the Democratic Republic of the Congo. His kill shot forces him into hiding. After returning to the Congo years later, he becomes the target of a hit squad himself."
608,The 355,2022,2h 2m,15,5.6, (43K),Simon Kinberg,"Jessica Chastain, Penélope Cruz, Bingbing Fan",Action,"When a top-secret weapon falls into mercenary hands, a wild-card C.I.A. agent joins forces with three international agents on a mission to retrieve it, while staying a step ahead of a mysterious woman who's tracking their every move."
609,Marathon Man,1976,2h 5m,18,7.4, (74K),John Schlesinger,"Dustin Hoffman, Laurence Olivier, Roy Scheider",Action,"After the murder of his older brother, a New York history student is hounded by shadowy government agents on the trail of a Nazi war criminal who is trying to retrieve smuggled diamonds."
610,The Substitute 3: Winner Takes All,1999,1h 29m,18,4.7, (2.1K),Robert Radler,"Treat Williams, David Jensen, Barbara Jane Reams",Action,"At a college visit to a war buddy's professor daughter, mercenary Karl Thomasson finds her brutally beaten. He then poses as a teacher to teach a lesson, and get revenge, on the brash football jocks responsible."
611,Highlander,1992–1998,119 eps,15,7.2, (19K),Adrian Paul,"Stan Kirsch, Jim Byrnes",Action,"Duncan MacLeod is Immortal, and must live in modern society, concealing his true nature while fighting other Immortals."
612,Zorro,1990–1993,89 eps,TV-G,6.8, (2.2K),Patrice Martinez,"Duncan Regehr, James Victor",Action,"In nineteenth century Spanish California, heroic masked swordsman Zorro, who's actually a local nobleman, must protect his friends and small town (or pueblo) of Los Angeles from its corrupt magistrate (or alcalde) and other menaces."
613,24,2001–2010,192 eps,15,8.4, (204K),Joel Surnow,"Robert Cochran, Kiefer Sutherland, Mary Lynn Rajskub, Carlos Bernard",Action,Counter Terrorism Agent Jack Bauer races against the clock to subvert terrorist plots and save his nation from ultimate disaster.
614,스트라이크 백,2010–2020,77 eps,15,8.1, (35K),Philip Winchester,"Sullivan Stapleton, Michelle Lukes",Action,"Follows the actions of Section 20, a secretive unit of British military intelligence. A team of special operations personnel conduct several high risk missions across the globe."
615,Spooks,2002–2011,86 eps,TV-14,8.3, (20K),David Wolstencroft,"Peter Firth, Hugh Simon, Nicola Walker",Action,"The missions of MI-5, the UK's domestic intelligence organization."
616,Spooks: The Greater Good,2015,1h 44m,15,6.2, (25K),Bharat Nalluri,"Michael Wildman, Tuppence Middleton, Geoffrey Streatfeild",Action,"When a terrorist escapes custody during a routine handover, Will Holloway must team with disgraced MI5 Intelligence Chief Harry Pearce to track him down before an imminent terrorist attack on London."
617,Banshee,2013–2016,38 eps,15,8.4, (141K),Jonathan Tropper,"David Schickler, Antony Starr, Ivana Milicevic, Ulrich Thomsen",Action,"An ex-con assumes the identity of a murdered sheriff in the small town of Banshee, Pennsylvania, where he has some unfinished business."
618,The Unit,2006–2009,70 eps,15,8.0, (24K),David Mamet,"Dennis Haysbert, Regina Taylor, Audrey Marie Anderson",Action,"A secret U.S. military group conducts covert operations across the world, facing several life-threatening situations during their missions."
619,로 앤 오더: 성범죄 전담반,1999–,583 eps,15,8.1, (141K),Dick Wolf,"Mariska Hargitay, Ice-T, Dann Florek",Action,"Follows the New York City Police Department's (NYPD) Special Victims Unit (SVU), a specially trained squad of detectives who investigate sex crimes, including rape, paedophilia, child abuse, human trafficking and domestic violence."
620,Chicago Fire,2012–,295 eps,15,8.0, (70K),Michael Brandt,"Derek Haas, Taylor Kinney, Christian Stolte, Joe Minoso",Action,"Follows both the professional and personal lives of the firefighters, rescue personnel, and paramedics of the Chicago Fire Department at the fictional Firehouse 51 as they risk their lives to save and protect the city of Chicago, Illinois."
621,Chicago P.D.,2014–,264 eps,15,8.1, (50K),Michael Brandt,"Derek Haas, Dick Wolf, Jason Beghe, Patrick John Flueger, Marina Squerciati",Action,"Follows the lives of the personnel of the fictional 21st District, which houses both uniformed officers and the department's elite Intelligence Unit as they fight every day to keep the city of Chicago, Illinois safe."
622,Homicide: Life on the Street,1993–1999,122 eps,TV-14,8.7, (17K),Paul Attanasio,"Richard Belzer, Clark Johnson, Yaphet Kotto",Action,An American police procedural television series chronicling the work of a fictional version of the Baltimore Police Department's Homicide Unit.
623,The Shield,2002–2008,89 eps,19,8.7, (95K),Shawn Ryan,"Michael Chiklis, Michael Jace, Jay Karnes",Action,"A gang of corrupt Los Angeles Police Department cops uses illegal methods to maintain law and order, whilst engaging in a series of undercover dealings secretly in order to get rich."
624,The Wire,2002–2008,60 eps,18,9.3, (415K),David Simon,"Dominic West, John Doman, Deirdre Lovejoy",Action,"The Baltimore drug scene, as seen through the eyes of drug dealers and law enforcement."
625,Luther,2010–2019,20 eps,15,8.4, (161K),Neil Cross,"Idris Elba, Dermot Crowley, Michael Smiley",Action,"John Luther is a brilliant homicide detective with a knack for getting inside the minds of murderers. Unfortunately, his unconventional methods and personal demons put him at odds with his team."
626,Babylon 5,1993–1998,111 eps,TV-PG,8.4, (36K),J. Michael Straczynski,"Jerry Doyle, Mira Furlan, Andreas Katsulas",Action,"In the mid 23rd century, the Earth Alliance space station Babylon 5, located in neutral territory, is a major focal point for political intrigue, racial tensions and various wars over the course of five years."
627,Continuum,2012–2015,42 eps,15,7.6, (66K),Simon Barry,"Rachel Nichols, Victor Webster, Erik Knudsen",Action,A detective from the year 2077 finds herself trapped in the present day.
628,익스팬스,2015–2022,62 eps,15,8.5, (187K),Mark Fergus,"Hawk Ostby, Daniel Abraham, Steven Strait, Dominique Tipper, Wes Chatham",Action,"The disappearance of rich-girl-turned-political-activist links the lives of Ceres detective, accidental ship captain and U.N. politician. Amidst political tension between Earth, Mars and the Belt, they unravel the greatest conspiracy."
629,Nikita,2010–2013,73 eps,15,7.7, (56K),Craig Silverstein,"Maggie Q, Shane West, Lyndsy Fonseca",Action,A rogue assassin returns to take down the secret organization that trained her.
630,맥가이버,1985–1992,139 eps,15,7.6, (44K),Lee David Zlotoff,"Richard Dean Anderson, Dana Elcar, Bruce McGill",Action,"Follows the adventures of Angus MacGyver, a secret agent for a national security agency, who solves complicated missions with his resourcefulness and knowledge of applied sciences (oh and his ever-present Swiss Army knife)."
631,The A-Team,1983–1987,97 eps,TV-PG,7.5, (45K),Frank Lupo,"Stephen J. Cannell, George Peppard, Dwight Schultz, Mr. T",Action,"Four ex-Army Special Forces soldiers become heroes for hire, after being branded as war criminals for a crime they didn't commit. After breaking out of Prison, they end up helping the downtrodden while on the run from the Military Police."
632,도망자,1963–1967,120 eps,TV-PG,8.1, (5.1K),Roy Huggins,"David Janssen, William Conrad, Barry Morse",Action,"Doctor Richard Kimble, is wrongly convicted, and sentenced to death, for the murder of his wife, a murder he didn't commit. He manages to escapes on route to be executed and must stay ahead of the police to find the real killer."
633,Nash Bridges,1996–2001,122 eps,TV-14,6.8, (8.8K),Carlton Cuse,"Don Johnson, Jodi Lyn O'Keefe, Jeff Perry",Action,"A smart alecky San Francisco, California cop and his get rich quick scheme of a partner keep tabs on crime and take down the bad guys in the Bay Area."
634,Stargate SG-1,1997–2007,213 eps,TV-14,8.4, (106K),Brad Wright,"Jonathan Glassner, Amanda Tapping, Christopher Judge, Michael Shanks",Action,"Set after the events of the 스타게이트 (1994) movie, the series follows SG-1, one of many secret military teams of soldiers and scientists who travel through a gateway to other planets and fight against dangerous aliens to protect earth."
635,Battlestar Galactica,2004–2009,74 eps,15,8.7, (184K),Ronald D. Moore,"Glen A. Larson, Edward James Olmos, Mary McDonnell, Jamie Bamber",Action,"When an old enemy, the Cylons, resurface and obliterate the 12 colonies, the crew of the aged Galactica protect a small civilian fleet - the last of humanity - as they journey toward the fabled 13th colony, Earth."
636,클로저,2005–2012,109 eps,15,7.8, (31K),James Duff,"Kyra Sedgwick, J.K. Simmons, Corey Reynolds",Action,Deputy Police Chief Brenda Johnson investigates high-profile crimes.
637,Longmire,2012–2017,63 eps,Youth not allowed,8.3, (43K),Hunt Baldwin,"John Coveny, Robert Taylor, Katee Sackhoff, Lou Diamond Phillips",Action,"Walt Longmire is the dedicated and unflappable sheriff of Absaroka County, Wyoming. Widowed only a year, he is a man in psychic repair but buries his pain behind his brave face, unassuming grin and dry wit."
638,NYPD Blue,1993–2005,261 eps,TV-14,7.8, (18K),David Milch,"Steven Bochco, Dennis Franz, Gordon Clapp, James McDaniel",Action,Detectives from NYPD's 15th Precinct investigate homicides within their precinct.
639,Terminator: The Sarah Connor Chronicles,2008–2009,31 eps,15,7.6, (65K),Josh Friedman,"Lena Headey, Thomas Dekker, Summer Glau",Action,"Set after the events in Teomineiteo 2 (1991), Sarah Connor and her son, John, try to stay under-the-radar from the government, as they plot to destroy the computer network Skynet in hopes of preventing Armageddon."
640,Expend4bles,2023,1h 43m,18,4.8, (53K),Scott Waugh,"Jason Statham, 50 Cent, Megan Fox",Action,"Armed with every weapon they can get their hands on, the Expendables are the world's last line of defense and the team that gets called when all other options are off the table."
641,데드 포 어 달러,2022,1h 47m,15,5.4, (7.5K),Walter Hill,"Christoph Waltz, Willem Dafoe, Rachel Brosnahan",Action,"A famed bounty hunter runs into his sworn enemy, a professional gambler and outlaw that he had sent to prison years before."
642,Sneakers,1992,2h 6m,12,7.1, (67K),Phil Alden Robinson,"Jo Marr, Gary Hershberger, Robert Redford",Action,A security pro finds his past returning to haunt him when he and his unique team are tasked with retrieving a particularly important item.
643,Criminal Minds,2005–,363 eps,15,8.1, (236K),Jeff Davis,"Kirsten Vangsness, A.J. Cook, Matthew Gray Gubler",Action,"The FBI's Behavioral Analysis Unit in Quantico helps police solve violent serial crimes using profiling. Team members analyze evidence and psychology to catch unknown subjects, but their demanding work affects personal lives."
644,Prison Break,2005–2017,90 eps,15,8.3, (647K),Paul T. Scheuring,"Dominic Purcell, Wentworth Miller, Amaury Nolasco",Action,"A structural engineer installs himself in a prison he helped design, in order to save his falsely accused brother from a death sentence by breaking themselves out from the inside."
645,홈랜드,2011–2020,96 eps,18,8.3, (373K),Alex Gansa,"Howard Gordon, Claire Danes, Mandy Patinkin, Rupert Friend",Action,A bipolar CIA operative becomes convinced a prisoner of war has been turned by al-Qaeda and is planning to carry out a terrorist attack on American soil.
646,Ray Donovan,2013–2020,82 eps,18,8.3, (98K),Ann Biderman,"Liev Schreiber, Eddie Marsan, Dash Mihok",Action,"Ray Donovan, a professional ""fixer"" for the rich and famous in Los Angeles, can make anyone's problems disappear except those created by his own family."
647,Space: Above and Beyond,1995–1996,23 eps,,7.8, (9.1K),Glen Morgan,"James Wong, Morgan Weisser, Kristen Cloke, Rodney Rowland",Action,"The Earth is embroiled in a desperate war against alien invaders, and this series focuses on one squadron of Marine pilots involved in it."
648,Breaking Bad,2008–2013,62 eps,19,9.5, (2.4M),Vince Gilligan,"Bryan Cranston, Anna Gunn, Aaron Paul",Action,A chemistry teacher diagnosed with inoperable lung cancer turns to manufacturing and selling methamphetamine with a former student to secure his family's future.
649,Rizzoli & Isles,2010–2016,105 eps,TV-14,7.7, (40K),Janet Tamaro,"Angie Harmon, Sasha Alexander, Jordan Bridges",Action,"Boston's assertive detective Jane Rizzoli and steady medical examiner Maura Isles are hailing from very different economic backgrounds, but the strong, competent women effectively work together to solve the city's most puzzling crimes."
650,번 노티스,2007–2013,111 eps,15,8.0, (82K),Matt Nix,"Jeffrey Donovan, Gabrielle Anwar, Bruce Campbell",Action,"US spy Michael Weston suddenly finds himself 'burned'-discredited without any form of procedure. Since no one will really help him, he survives by doing impossible jobs for desperate people in Miami."
651,Law & Order: Criminal Intent,2001–2011,195 eps,TV-14,7.6, (29K),Dick Wolf,"Rene Balcer, Kathryn Erbe, Vincent D'Onofrio, Jamey Sheridan",Action,"Follows the New York City Police Department's (NYPD) Major Case Squad (MCS), a unit of detectives who investigate high-profile cases, typically murder, while also presenting aspects of the crime from the perpetrator's perspective."
652,Law & Order,1990–,532 eps,TV-14,7.8, (49K),Dick Wolf,"Rick Eid, Sam Waterston, S. Epatha Merkerson, Jerry Orbach",Action,Two Part drama which focuses on the New York criminal Justice System by showing a violent crime investigated by police detectives in the first half and then the trial of the accused in court by the prosecutors in the second half.
653,Law & Order: Organized Crime,2021–,75 eps,15,7.7, (12K),Dick Wolf,"Ilene Chaiken, Matt Olmstead, Christopher Meloni, Danielle Moné Truitt, Ainsley Seiger",Action,"Former Special Victims Unit (SVU) Detective Elliot Stabler returns to the New York City Police Department (NYPD) to join a new Taskforce, the Organized Crime Control Bureau (OCCB), that works to dismantle illegal criminal enterprises."
654,NCIS: New Orleans,2014–2021,155 eps,15,6.8, (22K),Gary Glasberg,"Scott Bakula, Rob Kerkovich, CCH Pounder",Action,"Follows a team of Naval Criminal Investigative Service (NCIS) Special Agents who investigate criminal cases involving military personnel in New Orleans, Louisiana aka The Big Easy, a city known for its music, entertainment, and decadence."
655,The Sentinel,1996–1999,65 eps,TV-14,6.5, (2.9K),Paul De Meo,"Danny Bilson, Richard Burgi, Garett Maggart, Bruce A. Young",Action,"In the jungles of Peru, the fight for survival heightened his senses. Now, Detective Jim Ellison is a sentinel in the fight for justice. Anthropologist Blair Sandburg works side by side with Jim, helping him develop these senses."
656,The Equalizer,1985–1989,88 eps,TV-PG,7.8, (6.4K),Michael Sloan,"Richard Lindheim, Edward Woodward, Keith Szarabajka, Robert Lansing",Action,A retired Intelligence Agent turned private detective helps various threatened clients to equalize the odds.
657,Hunter,1984–1991,152 eps,TV-14,6.9, (6.2K),Frank Lupo,"Fred Dryer, Stepfanie Kramer, Charles Hallahan",Action,"Rick Hunter is a renegade cop who bends the rules and takes justice into his own hands. Partnered with the equally stunning and rebellious Sgt. McCall, he sets out to crack down on L.A.'s slimiest criminals."
658,Cagney & Lacey,1981–1988,126 eps,TV-PG,6.9, (5.8K),Barbara Avedon,"Barbara Corday, Tyne Daly, Al Waxman, Martin Kove",Action,Two female police detectives cooperate with each other both in their professions and in their personal lives.
659,별들의 전쟁 - 파일롯,1979–1981,32 eps,TV-14,6.9, (11K),Glen A. Larson,"Leslie Stevens, Gil Gerard, Erin Gray, Felix Silla",Action,20th century astronaut Buck Rogers emerges out of 500 years of suspended animation into the 25th century to become Earth's greatest hero and to explore the unknown reaches of deep space.
660,"Magnum, P.I.",1980–1988,158 eps,TV-PG,7.5, (31K),Donald P. Bellisario,"Glen A. Larson, Tom Selleck, John Hillerman, Roger E. Mosley",Action,The adventures of a Hawaii-based private investigator.
661,Major Crimes,2012–2018,105 eps,Not Rated,7.8, (17K),James Duff,"G.W. Bailey, Tony Denison, Michael Paul Chan",Action,"The Closer (2005) spin-off series, which follows Captain Raydor of the Los Angeles Police Department."
662,Millennium,1996–1999,67 eps,TV-14,7.9, (13K),Chris Carter,"Lance Henriksen, Megan Gallagher, Terry O'Quinn",Action,"A former FBI profiler with the ability to look inside the mind of a killer begins working for the mysterious Millennium Group which investigates serial killers, conspiracies, the occult, and those obsessed with the end of the millennium."
663,스나이퍼: 로그 미션,2022,1h 36m,15,4.7, (2.7K),Oliver Thompson,"Chad Michael Collins, Ryan Robbins, Sayaka Akimoto",Action,"When a corrupt federal agent is implicated in a human trafficking network, CIA sniper Brandon Beckett teams up with his allies, national security agent Zero and the murderous Lady Death, to catch him."
664,Power,2014–2020,63 eps,TV-MA,8.1, (57K),Courtney A. Kemp,"Omari Hardwick, Lela Loren, Naturi Naughton",Action,"James ""Ghost"" St. Patrick--a wealthy New York nightclub owner who has it all: dreaming big, catering to the city's elite, and living a double life as a drug kingpin."
665,Power Book IV: Force,2022–2025,30 eps,TV-MA,8.1, (11K),Robert Munic,"Joseph Sikora, Isaac Keys, Kris D. Lofton",Action,Follows Tommy Egan after he cuts ties and puts New York in his rearview mirror for good.
666,Power Book II: Ghost,2020–2024,40 eps,TV-MA,7.5, (14K),Courtney A. Kemp,"Michael Rainey Jr., Gianni Paolo, Lovell Adams-Gray",Action,The journey of some of Power's most controversial characters.
667,Waterworld,1995,2h 15m,12,6.3, (221K),Kevin Reynolds,"Kevin Costner, Chaim Jeraffi, Rick Aviles",Action,"In a future where the polar ice-caps have melted and Earth is almost entirely submerged, a mutated mariner fights starvation and outlaw ""smokers,"" and reluctantly helps a woman and a young girl try to find dry land."
668,Girlfight,2000,1h 50m,15,6.7, (12K),Karyn Kusama,"Michelle Rodriguez, Douglas Santiago, Jamie Tirelli",Action,"Diana, without her father knowing it, trains as a boxer and achieves impressive success, blazing new trails for female boxers."
669,Destroyer,2018,2h 1m,15,6.2, (33K),Karyn Kusama,"Nicole Kidman, Toby Kebbell, Tatiana Maslany",Action,"A disgraced, alcoholic detective on the skids (Nicole Kidman) gets a signal from a crime-boss she put away that he's out and coming for her. Damaged as she is, she goes in hard for one last ditch do-or-die shot at redemption -and revenge."
670,Bad Day at Black Rock,1955,1h 21m,Approved,7.7, (26K),John Sturges,"Spencer Tracy, Robert Ryan, Anne Francis",Action,"Following World War II, a one-armed stranger arrives in a tiny California desert town, but finds the residents hostile and protecting a terrible secret they want to keep hidden, by violent means if necessary."
671,Pompeii,2014,1h 45m,15,5.5, (121K),Paul W.S. Anderson,"Dylan Schombing, Jean-Francois Lachapelle, Rebecca Roberts",Action,"A slave-turned-gladiator finds himself in a race against time to save his true love, who has been betrothed to a corrupt Roman Senator. As Mount Vesuvius erupts, he must fight to save his beloved as Pompeii crumbles around him."
672,Shanghai,2010,1h 45m,15,6.3, (11K),Mikael Håfström,"John Cusack, Gong Li, Chow Yun-Fat",Action,A '40s period piece which revolves around an American expat who returns to Shanghai in the months before Pearl Harbor due to the death of his friend.
673,Shanghai Knights,2003,1h 54m,12,6.2, (116K),David Dobkin,"Jackie Chan, Owen Wilson, Aaron Taylor-Johnson",Action,"When a Chinese rebel murders Chon's estranged father and escapes to England, Chon and Roy make their way to London with revenge on their minds."
674,Shanghai Noon,2000,1h 50m,12,6.6, (141K),Tom Dey,"Jackie Chan, Owen Wilson, Lucy Liu",Action,"A Chinese man travels to the Wild West to rescue a kidnapped Princess. After teaming up with a train robber, the unlikely duo takes on a Chinese traitor and his corrupt boss."
675,스타 트렉: 넥스트 제너레이션,1987–1994,176 eps,12,8.7, (146K),Gene Roddenberry,"Patrick Stewart, Jonathan Frakes, LeVar Burton",Action,"Set almost 100 years after Captain Kirk's 5-year mission, a new generation of Starfleet officers sets off in the U.S.S. Enterprise-D on its own mission to go where no one has gone before."
676,미션 임파서블: 폴아웃,2018,2h 27m,15,7.7, (411K),Christopher McQuarrie,"Tom Cruise, Henry Cavill, Ving Rhames",Action,"A group of terrorists plans to detonate three plutonium cores for a simultaneous nuclear attack on different cities. Ethan Hunt, along with his IMF team, sets out to stop the carnage."
677,U.S. Marshals,1998,2h 11m,15,6.6, (119K),Stuart Baird,"Tommy Lee Jones, Wesley Snipes, Robert Downey Jr.",Action,"U.S. Marshal Samuel Gerard and his team of Marshals are assigned to track down Sheridan, who has been accused of a double-murder."
678,Legionnaire,1998,1h 39m,15,5.5, (27K),Peter MacDonald,"Jean-Claude Van Damme, Adewale Akinnuoye-Agbaje, Steven Berkoff",Action,"Alain is a boxer in 1925 Marseille, France. When he doesn't take the dive paid to take by a mob boss, he has to split. He joins the Foreign Legion and is sent to Morocco. He makes 3 friends and they watch each other's backs."
679,Silverado,1985,2h 13m,12,7.2, (53K),Lawrence Kasdan,"Kevin Kline, Scott Glenn, Kevin Costner",Action,A band of misfit friends come together to right the injustices which exist in a small town.
680,Hard Rain,1998,1h 37m,12,5.9, (39K),Mikael Salomon,"Morgan Freeman, Christian Slater, Randy Quaid",Action,The partner and nephew of an armored-truck driver tries to prevent three million dollars from being taken by a gang during a catastrophic flooding caused by a severe storm.
681,Young Guns 3: Alias Billy the Kid,,,,,,Emilio Estevez,"Emilio Estevez, Christian Slater, Lou Diamond Phillips",Action,Plot kept under wraps. Third installment of the 'Young Guns' film franchise.
682,Posse,1993,1h 51m,15,5.5, (5.2K),Mario Van Peebles,"Stephen Baldwin, Paul Bartel, James Bigwood",Action,"In 1898 Cuba, five Buffalo Soldiers find a gold cache, desert and return to America where they help defend a black town from the KKK, all the while trying to avoid capture by lawmen and military authorities alike."
683,Quigley Down Under,1990,1h 59m,PG-13,6.9, (27K),Simon Wincer,"Tom Selleck, Laura San Giacomo, Alan Rickman",Action,"Sharpshooter Matt Quigley is hired from Wyoming by an Australian rancher paying a very high price. But when Quigley arrives Down Under, all is not as it seems."
684,Nate and Hayes,1983,1h 39m,15,6.1, (2.6K),Ferdinand Fairfax,"Tommy Lee Jones, Michael O'Keefe, Max Phipps",Action,A swashbuckling adventure which takes place in the mid-1800's on the South Pacific islands where bloody raids and battles were once the rule of the day.
685,메모리,2022,1h 54m,15,5.7, (41K),Martin Campbell,"Liam Neeson, Guy Pearce, Taj Atwal",Action,An assassin-for-hire finds that he's become a target after he refuses to complete a job for a dangerous criminal organization.
686,Kandahar,2023,1h 59m,15,6.1, (45K),Ric Roman Waugh,"Tom Rhys Harries, Farhad Bagheri, Gerard Butler",Action,A CIA operative and his translator flee from special forces in Afghanistan after exposing a covert mission.
687,Ballistic: Ecks vs. Sever,2002,1h 31m,12,3.7, (22K),Wych Kaosayananda,"Antonio Banderas, Lucy Liu, Gregg Henry",Action,"Tasked with destroying each other, an FBI agent and a rogue DIA agent soon discover that a much bigger enemy is at work."
688,Kill Command,2016,1h 39m,15,5.7, (16K),Steven Gomez,"Thure Lindhardt, Vanessa Kirby, David Ajala",Action,"Set in a near future, technology-reliant society that pits man against killing machines."
689,Ganheddo,1989,1h 40m,TV-14,5.3, (1.2K),Masato Harada,"Masahiro Takashima, Brenda Bakke, James Brewster Thompson",Action,"In a cyberpunk future, Kyron-5 supercomputer attempts to exterminate the human race, but Gunhed mechs stop it. In 2038, five thieves break into a condemned island facility to steal Kyron's dead CPU. The place turns out to be a deathtrap."
690,Ghosts of Mars,2001,1h 38m,18,4.9, (61K),John Carpenter,"Natasha Henstridge, Ice Cube, Jason Statham",Action,"In 2176, a Martian police unit is sent to pick up a highly dangerous criminal at a remote mining post. Upon arrival, the cops find that the post has become a charnel house."
691,Painkillers,2015,1h 44m,Not Rated,4.1, (760),Peter Winther,"Tahmoh Penikett, Lesley-Ann Brandt, Colm Feore",Action,Marines sent on a classified mission to Afghanistan find themselves trapped in a military hospital with no memory of how they got there.
692,Mortal Engines,2018,2h 8m,12,6.1, (150K),Christian Rivers,"Hera Hilmar, Robert Sheehan, Hugo Weaving",Action,"In a post-apocalyptic world where cities ride on wheels and consume each other to survive, two people meet in London and try to stop a conspiracy."
693,Foo gwai lip che,1986,1h 48m,15,6.9, (2.5K),Sammo Kam-Bo Hung,"Sammo Kam-Bo Hung, Biao Yuen, Olivia Cheng",Action,"In early twentieth century China, various criminals with different goals are connected to a Shanghai train, with many rich people on-board."
694,Xin die xue shuang xiong,1996,1h 32m,,6.6, (37),Clarence Fok,"Nicky Wu, Winston Chao, Rene Liu",Action,"Just out of the Academy but immediately suspended cop Lung meets gang leader Ho in a bar and become good friend. On the other hand, Lung also meets up with Ho's girlfriend from Tainan, Ying. The two don't know each other long but cohabitate and fall in love, but the two have to face Ho, who wouldn't allow them to live, beginning a series of chases."
695,Hong chang fei long,1990,1h 34m,15,5.5, (533),Clarence Fok,"Samuel Hui, Maggie Cheung, Nina Li Chi",Action,"May Yip and Yao are both orphans and have been friends since youth, but they're torn apart when the leader of the 8 Hundred Dragons Kung Fu cult abducts Yao and erases his memory."
696,Indiana Jones and the Dial of Destiny,2023,2h 34m,12,6.5, (226K),James Mangold,"Harrison Ford, Phoebe Waller-Bridge, Antonio Banderas",Action,Archaeologist Indiana Jones races against time to retrieve a legendary artifact that can change the course of history.
697,Justified: City Primeval,2023,8 eps,TV-MA,7.3, (21K),Dave Andron,"Michael Dinner, Timothy Olyphant, Aunjanue Ellis-Taylor, Vondie Curtis-Hall",Action,"Series based on Elmore Leonard's novel ""City Primeval: High Noon in Detroit."""
698,The League of Extraordinary Gentlemen,2003,1h 50m,12,5.8, (190K),Stephen Norrington,"Sean Connery, Naseeruddin Shah, Peta Wilson",Action,"In an alternate Victorian Age world, a group of famous contemporary fantasy, science fiction, and adventure characters team up on a secret mission."
699,Tank Girl,1995,1h 44m,18,5.4, (37K),Rachel Talalay,"Lori Petty, Ice-T, Naomi Watts",Action,"A girl is among the few survivors of a dystopian Earth. Riding a war tank, she fights against the tyranny of a mega-corporation that dominates the world's remaining potable water supply."
700,Robin Hood,2010,2h 20m,15,6.6, (293K),Ridley Scott,"Russell Crowe, Cate Blanchett, Max von Sydow",Action,"In twelfth-century England, Robin Longstride and his band of marauders confront corruption in a local village and lead an uprising against the crown that will forever alter the balance of world power."
701,퍼슨 오브 인터레스트,2011–2016,103 eps,15,8.5, (201K),Jonathan Nolan,"Jim Caviezel, Taraji P. Henson, Kevin Chapman",Action,"An off-the-grid and presumed-dead former CIA agent, John Reese, is hired by a mysterious tech billionaire software genius, Harold Finch, to prevent violent crimes before they happen in New York City via an advanced surveillance software."
702,Mission: Impossible,1966–1973,171 eps,TV-PG,7.9, (13K),Bruce Geller,"Greg Morris, Peter Lupus, Peter Graves",Action,"An elite covert operations unit carries out highly sensitive missions subject to official denial in the event of failure, death or capture."
703,Ailiseu,2009–2013,41 eps,15,7.7, (2.6K),Kim Yeong-cheol,"Yun Ju-sang, Kim Seung-woo",Action,"The National Security Service (NSS) is a secret South Korean black ops agency that takes on a secret terrorist organization, called IRIS."
704,The Terminal List,2022–,8 eps,18+,7.9, (123K),Jack Carr,"David DiGilio, Chris Pratt, Constance Wu, Taylor Kitsch",Action,A former Navy SEAL officer investigates why his entire platoon was ambushed during a high-stakes covert mission.
705,The Americans,2013–2018,75 eps,TV-MA,8.4, (120K),Joseph Weisberg,"Keri Russell, Matthew Rhys, Keidrich Sellati",Action,"At the height of the Cold War, married KGB spies pose as Americans in Washington, D.C."
706,바이킹스,2013–2020,89 eps,19,8.5, (628K),Michael Hirst,"Katheryn Winnick, Gustaf Skarsgård, Alexander Ludwig",Action,"Vikings transports us to the brutal and mysterious world of Ragnar Lothbrok, a Viking warrior and farmer who yearns to explore--and raid--the distant shores across the ocean."
707,Yellowstone,2018–2024,53 eps,15,8.6, (292K),Taylor Sheridan,"John Linson, Kevin Costner, Luke Grimes, Kelly Reilly",Action,A ranching family in Montana faces off against others encroaching on their land.
708,Luther: The Fallen Sun,2023,2h 9m,18,6.4, (71K),Jamie Payne,"Idris Elba, Cynthia Erivo, Andy Serkis",Action,Brilliant but disgraced detective John Luther breaks out of prison to hunt down a sadistic serial killer who is terrorising London.
709,콜래트럴,2004,2h,15,7.5, (458K),Michael Mann,"Tom Cruise, Jamie Foxx, Jada Pinkett Smith",Action,A cab driver finds himself the hostage of an engaging contract killer as he makes his rounds from hit to hit during one night in Los Angeles.
710,Swiri,1999,2h 5m,15,6.5, (8.9K),Kang Je-kyu,"Han Suk-kyu, Choi Min-sik, Yunjin Kim",Action,"South Korean agents Ryu and Lee are tracking a female assassin from North Korea who has mysteriously disappeared. With new killings and the theft of a deadly bomb, time is running out to catch her."
711,에브리씽 에브리웨어 올 앳 원스,2022,2h 19m,15,7.8, (595K),Daniel Kwan,"Daniel Scheinert, Michelle Yeoh, Stephanie Hsu, Ke Huy Quan",Action,A middle-aged Chinese immigrant is swept up into an insane adventure in which she alone can save existence by exploring other universes and connecting with the lives she could have led.
712,The Old Man,2022–2024,15 eps,TV-MA,7.5, (61K),Jonathan E. Steinberg,"Robert Levine, Jeff Bridges, John Lithgow, Alia Shawkat",Action,"A retired CIA agent is hunted by both the agency he once worked for and his own nightmares, when an unknown man suddenly visits him after nearly three decades."
713,Snabba cash II,2012,1h 39m,18,6.3, (9.2K),Phillip Argeadson,"Babak Najafi, Joel Kinnaman, Matias Varela, Dragomir Mrsic",Action,"Three years later, JW gets out of prison, but soon finds himself between the contending parties of his criminal past."
714,Snabba cash,2010,2h 4m,18,6.7, (20K),Daniel Espinosa,"Joel Kinnaman, Matias Varela, Dragomir Mrsic",Action,"When JW becomes a drug runner in order to maintain his double life, his fate becomes tied to two other men: Jorge, a fugitive on the run from both the Serbian mafia and the police, and mafia enforcer Mrado, who is on the hunt for Jorge."
715,Snabba cash - Livet deluxe,2013,2h 7m,18,6.2, (6.4K),Jens Jonsson,"Matias Varela, Joel Kinnaman, Martin Wallström",Action,The final part of Stockholm criminal world trilogy tells about the final struggles that await everyone to get out of their sins.
716,서부를 향해 달려라,1965–1969,104 eps,TV-PG,8.1, (7.1K),Michael Garrison,"Robert Conrad, Ross Martin, Dick Cangey",Action,Undercover government agents Jim West and Artemus Gordon battle crime in the 1870s.
717,Ford v Ferrari,2019,2h 32m,12,8.1, (546K),James Mangold,"Matt Damon, Christian Bale, Jon Bernthal",Action,American car designer Carroll Shelby and driver Ken Miles battle corporate interference and the laws of physics to build a revolutionary race car for Ford in order to defeat Ferrari at the 24 Hours of Le Mans in 1966.
718,Citadel,2023–,7 eps,TV-14,6.2, (38K),Josh Appelbaum,"Bryan Oh, David Weil, Richard Madden, Priyanka Chopra Jonas, Lesley Manville",Action,"Global spy agency Citadel has fallen, and its agents' memories were wiped clean. Now the powerful syndicate, Manticore, is rising in the void. Can the Citadel agents recollect their past and summon the strength to fight back?"
719,Mission: Impossible - The Final Reckoning,2025,2h 49m,15,7.2, (176K),Christopher McQuarrie,"Tom Cruise, Hayley Atwell, Ving Rhames",Action,"Hunt and the IMF pursue a dangerous AI called the Entity that's infiltrated global intelligence. With governments and a figure from his past in pursuit, Hunt races to stop it from forever changing the world."
720,Mission: Impossible - Dead Reckoning Part One,2023,2h 43m,15,7.6, (314K),Christopher McQuarrie,"Tom Cruise, Hayley Atwell, Ving Rhames",Action,Ethan Hunt and his IMF team must track down a dangerous weapon before it falls into the wrong hands.
721,바이킹스: 발할라,2022–2024,24 eps,19,7.4, (69K),Jeb Stuart,"Sam Corlett, Leo Suter, Frida Gustavsson",Action,"Follow-up series to 'Vikings' set 100 years later and focusing on the adventures of Leif Erikson, Freydis, Harald Hardrada, and the Norman King William the Conqueror."
722,트로이,2004,2h 43m,15,7.3, (603K),Wolfgang Petersen,"Julian Glover, Brian Cox, Nathan Jones",Action,"An adaptation of Homer's great epic, the film follows the assault on Troy by the united Greek forces."
723,Geostorm,2017,1h 51m,12,5.4, (130K),Dean Devlin,"Gerard Butler, Jim Sturgess, Abbie Cornish",Action,"When the network of satellites designed to control the global climate starts to attack Earth, it's a race against the clock for its creator to uncover the real threat before a worldwide Geostorm wipes out everything and everyone."
724,"I, Robot",2004,1h 55m,12,7.1, (605K),Alex Proyas,"Will Smith, Bridget Moynahan, Alan Tudyk",Action,"In 2035, a technophobic cop investigates a crime that may have been perpetrated by a robot, which leads to a larger threat to humanity."
725,The Last Boy Scout,1991,1h 45m,R,7.0, (118K),Tony Scott,"Bruce Willis, Damon Wayans, Chelsea Field",Action,"A private detective's protected female witness is murdered, prompting him and the victim's boyfriend to investigate the crime that leads to a corrupt politician and a crooked football team owner."
726,Assassins,1995,2h 13m,18,6.3, (91K),Richard Donner,"Sylvester Stallone, Antonio Banderas, Julianne Moore",Action,Professional hit-man Robert Rath wants to fulfill a few more contracts before retiring but unscrupulous ambitious newcomer hit-man Miguel Bain keeps killing Rath's targets.
727,Highlander: The Raven,1998–1999,22 eps,,5.3, (1.5K),Elizabeth Gracen,"Paul Johansson, Patricia Gage",Action,A female Immortal and thief tries to redeem herself with the help of an ex-cop.
728,Stargate: Atlantis,2004–2009,99 eps,TV-PG,8.1, (75K),Brad Wright,"Robert C. Cooper, Joe Flanigan, Rachel Luttrell, David Hewlett",Action,"An international team of scientists and military personnel discover a Stargate network in the Pegasus Galaxy and come face-to-face with a new, powerful enemy: The Wraith."
729,Buck Rogers in the 25th Century,1979,1h 29m,PG,6.5, (7.5K),Daniel Haller,"Gil Gerard, Pamela Hensley, Erin Gray",Action,20th century astronaut Buck Rogers emerges out of 500 years of suspended animation into the 25th century where Earth is nearly devastated by nuclear warfare and now threatened by alien invaders.
730,Battlestar Galactica,2003,2 eps,15,8.5, (84K),Edward James Olmos,"Mary McDonnell, Katee Sackhoff",Action,"Following the destruction of the Twelve Colonies of Kobol by the Cylons, a rag-tag fugitive fleet of the last remnants of mankind flees the pursuing Cylons while simultaneously searching for their true home: Earth."
731,Terminator 3: Rise of the Machines,2003,1h 49m,15,6.3, (432K),Jonathan Mostow,"Arnold Schwarzenegger, Nick Stahl, Claire Danes",Action,"John Connor must face a female Terminator with power over all the machines. But a new Terminator unit, a T-850, is sent back through time to help guide him through the coming battle."
732,스타 트렉: 딥 스페이스 나인,1993–1999,173 eps,12,8.1, (75K),Rick Berman,"Michael Piller, Avery Brooks, Rene Auberjonois, Cirroc Lofton",Action,"In the vicinity of the liberated planet of Bajor, the Federation space station Deep Space Nine guards the opening of a stable wormhole to the far side of the galaxy."
733,Enterprise,2001–2005,98 eps,12,7.6, (63K),Rick Berman,"Brannon Braga, Scott Bakula, John Billingsley, Jolene",Action,"A century before Captain Kirk's five-year mission, Jonathan Archer captains the United Earth ship Enterprise during the early years of Starfleet, leading up to the Earth-Romulan War and the formation of the Federation."
734,영 인디아나 존스,1992–1993,28 eps,TV-G,7.3, (9.2K),George Lucas,"Sean Patrick Flanery, George Hall, Ronny Coutteure",Action,The adventures of the archaeological treasure hunter in his youth as related by an elderly Indiana Jones.
735,The Dead Zone,2002–2007,81 eps,TV-14,7.3, (11K),Michael Piller,"Shawn Piller, Anthony Michael Hall, Nicole de Boer, Chris Bruno",Action,"After six years in a coma, science teacher Johnny Smith awakens to find that he has psychic powers."
736,Virus,1999,1h 39m,15,5.1, (31K),John Bruno,"Jamie Lee Curtis, William Baldwin, Donald Sutherland",Action,"After outrunning a typhoon at sea, a strong-willed tugboat navigator and her crew discover a high-tech alien life form that's taken control of a Russian research vessel and aims to destroy on a massive scale."
737,Hardware,1990,1h 34m,18,6.0, (18K),Richard Stanley,"Carl McCoy, Iggy Pop, Dylan McDermott",Action,"The head of a cyborg reactivates, rebuilds itself, and goes on a violent rampage in a space marine's girlfriend's apartment."
738,저스티파이드,2010–2015,78 eps,15,8.6, (128K),Graham Yost,"Timothy Olyphant, Nick Searcy, Joelle Carter",Action,"Enforcing his own brand of justice, U.S. Marshal Raylan Givens, a strong-willed, quiet law-man haunted by his past, returns to his native town to see that justice is served to those in need."
739,The Ghost and the Darkness,1996,1h 50m,15,6.8, (69K),Stephen Hopkins,"Michael Douglas, Val Kilmer, Tom Wilkinson",Action,A bridge engineer and an experienced old hunter begin a hunt for two lions after they start attacking local construction workers.
740,반지의 제왕: 힘의 반지,2022–,17 eps,12,6.9, (432K),John D. Payne,"Patrick McKay, Morfydd Clark, Charlie Vickers, Charles Edwards",Action,"Epic drama set thousands of years before the events of J.R.R. Tolkien's 'The Hobbit' and 'The Lord of the Rings' follows an ensemble cast of characters, both familiar and new, as they confront the long-feared re-emergence of evil to Middle-earth."
741,고스트 버스터즈,1984,1h 45m,12,7.8, (478K),Ivan Reitman,"Bill Murray, Dan Aykroyd, Sigourney Weaver",Action,"Three parapsychologists forced out of their university funding set up shop as a unique ghost removal service in New York City, attracting frightened yet skeptical customers."
742,Tales from the Crypt: Demon Knight,1995,1h 32m,R,6.7, (28K),Ernest R. Dickerson,"Billy Zane, William Sadler, Jada Pinkett Smith",Action,High-level demons collect low-level demons as warriors in attempt to obtain a key containing the blood of Christ. The key is guarded by immortal warriors called Demon Knights.
743,The X Files,1993–2018,217 eps,15,8.6, (267K),Chris Carter,"Gillian Anderson, David Duchovny, Mitch Pileggi",Action,"Two F.B.I. Agents, Fox Mulder the believer and Dana Scully the skeptic, investigate the strange and unexplained, while hidden forces work to impede their efforts."
744,Martial Law,1998–2000,44 eps,,6.9, (3.4K),Carlton Cuse,"Sammo Kam-Bo Hung, Kelly Hu, Arsenio Hall",Action,A Shanghai cop who is a master of martial arts fights crime in the Los Angeles Police Department.
745,Blade Runner 2099,2026,6 eps,TV-MA,,,Dimitri Abold,"Tom Burke, Lewis Gribben",Action,"Takes place fifty years after the events of ""Blade Runner 2049""."
746,Rabbit Hole,2023,8 eps,TV-MA,7.4, (23K),Glenn Ficarra,"John Requa, Kiefer Sutherland, Meta Golding, Enid Graham",Action,"John Weir, a private espionage operative, battles over the preservation of democracy in a world constantly at odds."
747,Sisu,2022,1h 31m,18,6.9, (103K),Jalmari Helander,"Jorma Tommila, Aksel Hennie, Jack Doolan",Action,"When an ex-soldier who discovers gold in the Lapland wilderness tries to take the loot into the city, German soldiers led by a brutal SS officer battle him."
748,The Night Agent,2023–,30 eps,TV-MA,7.4, (146K),Luciane Buchanan,"Gabriel Basso, Fola Evans-Akingbola",Action,"Low-level FBI agent Peter Sutherland works in the basement of the White House manning a phone that never rings - until the night it does, propelling him into a conspiracy that leads all the way to the Oval Office."
749,Jack Ryan,2018–2023,30 eps,15,8.0, (188K),Carlton Cuse,"Graham Roland, John Krasinski, Wendell Pierce, Michael Kelly",Action,"Up-and-coming CIA analyst, Jack Ryan, is thrust into dangerous field assignments."
750,더 컨트랙터,2022,1h 43m,R,5.8, (34K),Tarik Saleh,"Chris Pine, Gillian Jacobs, Sander Thomas",Action,"A discharged U.S. Army Special Operations Forces sergeant, James Harper, risks everything for his family when he joins a private contracting organization."
751,Oz,1997–2003,56 eps,19,8.7, (114K),Tom Fontana,"Ernie Hudson, Terry Kinney, J.K. Simmons",Action,"Follows the daily activities of the Inmates at the Oswald Maximum Security Correctional Facility (aka ""Oz"" for short), an unusual prison where its criminal inhabitants face challenges head on behind bars and do all they can to stay alive."
752,Last Resort,2012–2013,13 eps,15,7.3, (22K),Karl Gajdusek,"Shawn Ryan, Andre Braugher, Scott Speedman, Daisy Betts",Action,"A U.S. sub picks up Navy SEALs and receives an order for a nuke launch. Due to the circumstances of the order, the Captain refuses to fire. After escaping an attack from another U.S. sub, the crew and SEALs take refuge on a small island."
753,CSI: Miami,2002–2012,232 eps,15,6.5, (64K),Anthony E. Zuiker,"Ann Donahue, Carol Mendelsohn, David Caruso, Emily Procter, Adam Rodriguez",Action,"CSI spin off which follows an elite group of Crime Scene Investigators (CSI's) from the Miami-Dade Police Department (MDPD), who use advanced forensic science and methods to solve complex crimes in cross-cultural Miami, Florida."
754,Fubar,2023–2025,16 eps,19,6.5, (45K),Nick Santora,"Arnold Schwarzenegger, Monica Barbaro, Milan Carter",Action,"When a father and daughter discover they both secretly work for the CIA, an already dicey undercover mission turns into a dysfunctional family affair."
755,Hypnotic,2023,1h 33m,15,5.5, (45K),Robert Rodriguez,"Ben Affleck, Alice Braga, JD Pardo",Action,A detective investigates a mystery involving his missing daughter and a secret government program.
756,재키의 링,2020,2h 9m,18,6.2, (17K),Halle Berry,"Heidi Moneymaker, Halle Berry, Jacob Crespo",Action,A disgraced MMA fighter finds redemption in the cage and the courage to face her demons when the son she had given up as an infant unexpectedly reenters her life.
757,캡틴 아메리카: 윈터 솔져,2014,2h 16m,15,7.7, (953K),Anthony Russo,"Joe Russo, Chris Evans, Samuel L. Jackson, Scarlett Johansson",Action,"As Steve Rogers struggles to embrace his role in the modern world, he teams up with a fellow Avenger and S.H.I.E.L.D agent, Black Widow, to battle a new threat from history: an assassin known as the Winter Soldier."
758,The Mandalorian,2019–,25 eps,15,8.6, (639K),Jon Favreau,"Pedro Pascal, Chris Bartlett, Katee Sackhoff",Action,"The travels of a lone bounty hunter in the outer reaches of the galaxy, far from the authority of the New Republic."
759,Dark Angel,2000–2002,42 eps,12,7.4, (36K),James Cameron,"Charles H. Eglee, Jessica Alba, Michael Weatherly, Richard Gunn",Action,"A group of genetically-enhanced children escape from a lab project. Years later we meet Max, one of the escapees who now works for a messenger service in the post-apocalyptic Pacific Northwest."
760,미디벌,2022,2h 5m,R,5.9, (14K),Petr Jákl,"Ben Foster, Sophie Lowe, Michael Caine",Action,"The story of fifteenth century Czech icon and warlord, Jan Zizka, who defeated armies of the Teutonic Order and the Holy Roman Empire."
761,어둠의 나날,2019–2022,24 eps,19,7.6, (108K),Steven Knight,"Jason Momoa, Sylvia Hoeks, Hera Hilmar",Action,"Far in a dystopian future, the human race has lost the sense of sight, and society has had to find new ways to interact, build, hunt, and to survive. All of that is challenged when a set of twins are born with sight."
762,Captain Power and the Soldiers of the Future,1987–1988,22 eps,Not Rated,7.4, (1.6K),Gary Goddard,"Tony Christopher, Tim Dunigan, Peter MacNeill, Sven-Ole Thorsen",Action,A group of guerrilla fighters battles the evil machine forces that dominate a future Earth.
763,The Theta Girl,2017,1h 38m,,5.2, (269),Christopher Bickel,"Victoria Elizabeth Donofrio, Shane Silman, Dove Dupree",Action,"Drug dealer Gayce helps promote her friends' girl band. After they're murdered, she investigates while evading the killer. Her search reveals theta's role and shatters her understanding of reality itself."
764,Revenge,2017,1h 48m,18,6.4, (62K),Coralie Fargeat,"Matilda Lutz, Kevin Janssens, Vincent Colombe",Action,"Never take your mistress on an annual guys' getaway, especially one devoted to hunting - a violent lesson for three wealthy married men."
765,Zhong hua ying xiong,1988,1h 32m,18,5.7, (2.2K),Jet Li,"Jet Li, Erkang Zhao, Jia Song",Action,"Jet, a young soldier at the end of the second World War must overcome some abusive Americans who are bullying him as well as the Chinese people."
766,Eternal Fist,1992,1h 35m,,4.7, (132),Teddy Page,"Cynthia Khan, Dale Cook, Don Nakaya Neilsen",Action,"In a post-apocalyptic world, a man helps a beautiful young girl get revenge against a roving gang of renegades that destroyed her village."
767,Angels with Dirty Faces,1938,1h 37m,Approved,7.9, (24K),Michael Curtiz,"James Cagney, Pat O'Brien, Humphrey Bogart",Action,A priest tries to stop a gangster from corrupting a group of street kids.
768,High Sierra,1941,1h 40m,Approved,7.5, (21K),Raoul Walsh,"Ida Lupino, Humphrey Bogart, Alan Curtis",Action,"After being released from prison, notorious thief Roy Earle is hired by his old boss to help a group of inexperienced criminals plan and carry out the robbery of a California resort."
769,Bullets or Ballots,1936,1h 22m,Approved,7.0, (3.7K),William Keighley,"Edward G. Robinson, Joan Blondell, Barton MacLane",Action,"When a crusader against rackets is murdered, a grand jury battles the rackets by promoting McLaren to be in charge of the cleanup. He fires NYPD Detective Blake, who punches him and joins the racket."
770,The Roaring Twenties,1939,1h 46m,Approved,7.9, (17K),Raoul Walsh,"James Cagney, Humphrey Bogart, Priscilla Lane",Action,Three men attempt to make a living in Prohibitionist America after returning home from fighting together in World War I.
771,The Squeeze,1977,1h 44m,R,6.3, (925),Michael Apted,"Stacy Keach, David Hemmings, Edward Fox",Action,"A dangerous, violent gang kidnaps a woman and her daughter to extort some money from her rich husband. He and her down-on-his-luck ex-cop ex-husband decide to deal with the kidnappers themselves."
772,트립,2021,1h 53m,18,6.9, (30K),Tommy Wirkola,"Noomi Rapace, Aksel Hennie, Atle Antonsen",Action,"A dysfunctional couple head to a remote cabin to reconnect, but each has intentions to kill the other. Before they can carry out their plans, unexpected visitors arrive and they face a greater danger."
773,Knox Goes Away,2023,1h 54m,R,7.0, (29K),Michael Keaton,"Michael Keaton, Ray McKinnon, Cassie Moronez",Action,"When a contract killer has a rapidly evolving form of dementia, he is offered an opportunity to redeem himself by saving the life of his estranged adult son."
